,activite,activite_conj,age,age_conj,emploi,emploi_conj,etudes,etudes_conj,handicap,handicap_conj,retraite,retraite_conj,salaire,salaire_conj,sexe,sexe_conj,statut_marital,statut_marital_conj,type_fam,enfant,nb_enf
0,True,True,27,24.0,True,True,False,True,False,False,0.0,0.0,22488.0,4655.0,femme,homme,1,1.0,Couples,True,1
1,True,True,27,27.0,True,True,False,False,False,False,0.0,0.0,22488.0,27301.0,femme,homme,1,1.0,Couples,True,3
2,True,True,28,29.0,True,True,False,False,False,False,0.0,0.0,10450.0,22226.0,femme,homme,1,1.0,Couples,False,0
3,True,True,30,29.0,True,True,False,False,False,False,0.0,0.0,24594.0,34172.0,femme,homme,1,1.0,Couples,True,1
4,True,True,30,31.0,True,False,False,False,False,False,0.0,0.0,24594.0,0.0,femme,homme,1,1.0,Couples,False,0
5,True,True,32,32.0,True,True,False,False,False,False,0.0,0.0,20652.0,19988.0,femme,homme,1,1.0,Couples,True,2
6,True,True,30,32.0,True,True,False,False,False,False,0.0,0.0,24594.0,22483.0,femme,homme,1,1.0,Couples,True,2
7,True,True,33,34.0,True,True,False,False,False,False,0.0,0.0,18481.0,23329.0,femme,homme,1,1.0,Couples,False,0
8,True,True,33,35.0,True,True,False,False,False,False,0.0,0.0,18481.0,15851.0,femme,homme,1,1.0,Couples,False,0
9,True,False,38,36.0,False,False,False,False,False,False,0.0,0.0,0.0,0.0,femme,homme,1,1.0,Couples,False,0
10,True,True,36,36.0,True,True,False,False,False,False,0.0,0.0,18210.0,24947.0,femme,homme,1,1.0,Couples,False,0
11,True,True,33,36.0,True,False,False,False,False,False,0.0,0.0,18481.0,0.0,femme,homme,1,1.0,Couples,True,1
12,True,True,37,37.0,True,True,False,False,False,False,0.0,0.0,22647.0,20483.0,femme,homme,1,1.0,Couples,False,0
13,True,False,36,37.0,True,False,False,False,False,False,0.0,0.0,18210.0,0.0,femme,homme,1,1.0,Couples,False,0
14,True,True,37,37.0,True,True,False,False,False,False,0.0,0.0,22647.0,17277.0,femme,homme,1,1.0,Couples,True,2
15,True,True,27,38.0,True,True,False,False,False,False,0.0,0.0,22488.0,60061.0,femme,homme,1,1.0,Couples,True,2
16,True,True,36,38.0,True,True,False,False,False,False,0.0,0.0,18210.0,27605.0,femme,homme,1,1.0,Couples,False,0
17,False,True,39,38.0,False,True,False,False,False,False,0.0,0.0,0.0,24220.0,femme,homme,1,1.0,Couples,True,2
18,True,True,28,39.0,True,True,False,False,False,False,0.0,0.0,10450.0,25066.0,femme,homme,1,1.0,Couples,True,2
19,False,True,39,39.0,False,True,False,False,False,False,0.0,0.0,0.0,28233.0,femme,homme,1,1.0,Couples,True,1
20,True,True,46,39.0,True,True,False,False,False,False,0.0,0.0,16473.0,33306.0,femme,homme,1,1.0,Couples,False,0
21,True,True,32,39.0,True,True,False,False,False,False,0.0,0.0,20652.0,24653.0,femme,homme,1,1.0,Couples,False,0
22,True,True,36,40.0,True,True,False,False,False,False,0.0,0.0,18210.0,12791.0,femme,homme,1,1.0,Couples,True,1
23,True,False,38,40.0,False,False,False,False,False,False,0.0,0.0,0.0,0.0,femme,homme,1,1.0,Couples,False,0
24,True,True,36,41.0,True,True,False,False,False,False,0.0,0.0,18210.0,23678.0,femme,homme,1,1.0,Couples,True,1
25,True,True,38,41.0,False,True,False,False,False,False,0.0,0.0,0.0,35386.0,femme,homme,1,1.0,Couples,False,0
26,False,True,43,41.0,False,True,False,False,False,False,0.0,0.0,0.0,21612.0,femme,homme,1,1.0,Couples,False,0
27,False,True,39,42.0,False,True,False,False,False,False,0.0,0.0,0.0,18183.0,femme,homme,1,1.0,Couples,True,3
28,True,True,48,42.0,True,True,False,False,False,False,0.0,0.0,32263.0,22148.0,femme,homme,1,1.0,Couples,True,2
29,False,True,43,42.0,False,True,False,False,False,False,0.0,0.0,0.0,25431.0,femme,homme,1,1.0,Couples,True,1
30,True,True,36,42.0,True,True,False,False,False,False,0.0,0.0,18210.0,31220.0,femme,homme,1,1.0,Couples,False,0
31,False,True,44,43.0,False,True,False,False,False,False,0.0,0.0,0.0,26925.0,femme,homme,1,1.0,Couples,True,1
32,False,True,43,43.0,False,True,False,False,False,False,0.0,0.0,0.0,22872.0,femme,homme,1,1.0,Couples,False,0
33,False,True,44,43.0,False,True,False,False,False,False,0.0,0.0,0.0,22486.0,femme,homme,1,1.0,Couples,True,1
34,False,True,39,43.0,False,True,False,False,False,False,0.0,0.0,0.0,28559.0,femme,homme,1,1.0,Couples,False,0
35,False,True,43,44.0,False,True,False,False,False,False,0.0,0.0,0.0,24736.0,femme,homme,1,1.0,Couples,False,0
36,True,True,42,44.0,True,True,False,False,False,False,0.0,0.0,12929.0,8423.0,femme,homme,1,1.0,Couples,False,0
37,True,True,42,44.0,True,True,False,False,False,False,0.0,0.0,12929.0,19047.0,femme,homme,1,1.0,Couples,True,2
38,True,True,45,45.0,True,True,False,False,False,False,0.0,0.0,19664.0,14872.0,femme,homme,1,1.0,Couples,False,0
39,False,True,39,45.0,False,True,False,False,False,False,0.0,0.0,0.0,18955.0,femme,homme,1,1.0,Couples,False,0
40,True,True,46,46.0,True,False,False,False,False,False,0.0,0.0,16473.0,0.0,femme,homme,1,1.0,Couples,False,0
41,True,True,47,46.0,True,True,False,False,False,False,0.0,0.0,9884.0,37875.0,femme,homme,1,1.0,Couples,True,1
42,False,True,44,46.0,False,True,False,False,False,False,0.0,0.0,0.0,44133.0,femme,homme,1,1.0,Couples,False,0
43,False,False,43,46.0,False,False,False,False,False,False,0.0,0.0,0.0,0.0,femme,homme,1,1.0,Couples,True,2
44,True,True,42,46.0,True,True,False,False,False,True,0.0,0.0,12929.0,42699.0,femme,homme,1,1.0,Couples,True,2
45,True,True,47,46.0,True,True,False,False,False,False,0.0,0.0,9884.0,45396.0,femme,homme,1,1.0,Couples,True,2
46,True,True,49,47.0,False,True,False,False,False,False,0.0,0.0,0.0,19203.0,femme,homme,1,1.0,Couples,True,1
47,True,True,51,47.0,True,True,False,False,False,False,0.0,0.0,16400.0,23219.0,femme,homme,1,1.0,Couples,True,1
48,True,True,47,47.0,True,True,False,False,False,False,0.0,0.0,9884.0,22034.0,femme,homme,1,1.0,Couples,True,2
49,True,True,30,47.0,True,True,False,False,False,True,0.0,0.0,24594.0,32120.0,femme,homme,1,1.0,Couples,True,3
50,True,True,42,47.0,True,False,False,False,False,False,0.0,0.0,12929.0,0.0,femme,homme,1,1.0,Couples,True,2
51,True,True,48,48.0,True,True,False,False,False,False,0.0,0.0,32263.0,52288.0,femme,homme,1,1.0,Couples,True,1
52,False,True,44,48.0,False,True,False,False,False,False,0.0,0.0,0.0,16261.0,femme,homme,1,1.0,Couples,False,0
53,True,True,47,48.0,True,False,False,False,False,False,0.0,0.0,9884.0,0.0,femme,homme,1,1.0,Couples,True,3
54,True,True,45,48.0,True,True,False,False,False,False,0.0,0.0,19664.0,35096.0,femme,homme,1,1.0,Couples,True,2
55,True,True,49,49.0,False,True,False,False,False,False,0.0,0.0,0.0,63860.0,femme,homme,1,1.0,Couples,True,2
56,True,True,50,49.0,True,True,False,False,False,False,0.0,0.0,17879.0,43851.0,femme,homme,1,1.0,Couples,True,2
57,True,False,47,49.0,True,False,False,False,False,False,0.0,0.0,9884.0,0.0,femme,homme,1,1.0,Couples,True,1
58,False,True,44,50.0,False,True,False,False,False,False,0.0,0.0,0.0,8223.0,femme,homme,1,1.0,Couples,False,0
59,True,True,42,50.0,True,True,False,False,False,False,0.0,0.0,12929.0,21907.0,femme,homme,1,1.0,Couples,False,0
60,False,True,55,50.0,False,True,False,False,False,False,0.0,0.0,0.0,39563.0,femme,homme,1,1.0,Couples,True,3
61,True,True,45,50.0,True,True,False,False,False,False,0.0,0.0,19664.0,39227.0,femme,homme,1,1.0,Couples,False,0
62,True,True,48,50.0,True,True,False,False,False,False,0.0,0.0,32263.0,33345.0,femme,homme,1,1.0,Couples,False,0
63,True,True,45,51.0,True,True,False,False,False,False,0.0,0.0,19664.0,38699.0,femme,homme,1,1.0,Couples,True,2
64,True,True,47,51.0,True,True,False,False,False,False,0.0,0.0,9884.0,24142.0,femme,homme,1,1.0,Couples,True,1
65,True,False,38,51.0,False,False,False,False,False,False,0.0,0.0,0.0,0.0,femme,homme,1,1.0,Couples,False,0
66,True,False,46,51.0,True,False,False,False,False,False,0.0,0.0,16473.0,0.0,femme,homme,1,1.0,Couples,True,2
67,True,False,51,51.0,True,False,False,False,False,False,0.0,0.0,16400.0,0.0,femme,homme,1,1.0,Couples,True,2
68,True,False,45,52.0,True,False,False,False,False,True,0.0,0.0,19664.0,0.0,femme,homme,1,1.0,Couples,True,4
69,False,True,53,52.0,False,True,False,False,False,False,0.0,0.0,0.0,20723.0,femme,homme,1,1.0,Couples,True,2
70,True,True,45,52.0,True,False,False,False,False,False,0.0,0.0,19664.0,0.0,femme,homme,1,1.0,Couples,True,2
71,True,True,50,52.0,True,True,False,False,False,False,0.0,0.0,17879.0,19145.0,femme,homme,1,1.0,Couples,True,4
72,True,True,47,52.0,True,True,False,False,False,False,0.0,0.0,9884.0,16501.0,femme,homme,1,1.0,Couples,True,2
73,True,True,47,53.0,True,True,False,False,False,False,0.0,0.0,9884.0,126494.0,femme,homme,1,1.0,Couples,True,2
74,False,True,53,53.0,False,True,False,False,False,False,0.0,0.0,0.0,62617.0,femme,homme,1,1.0,Couples,False,0
75,True,True,52,54.0,True,True,False,False,False,False,0.0,0.0,20987.0,51027.0,femme,homme,1,1.0,Couples,True,1
76,True,True,47,54.0,True,True,False,False,False,False,0.0,0.0,9884.0,55450.0,femme,homme,1,1.0,Couples,False,0
77,False,True,54,54.0,False,True,False,False,False,False,0.0,0.0,0.0,23868.0,femme,homme,1,1.0,Couples,True,3
78,True,False,37,55.0,True,False,False,False,False,False,0.0,0.0,22647.0,0.0,femme,homme,1,1.0,Couples,False,0
79,False,False,69,55.0,False,False,False,False,False,False,1259.0,0.0,0.0,0.0,femme,homme,1,1.0,Couples,True,1
80,True,True,51,55.0,True,True,False,False,False,False,0.0,0.0,16400.0,18915.0,femme,homme,1,1.0,Couples,False,0
81,True,True,46,56.0,True,True,False,False,False,False,0.0,0.0,16473.0,33634.0,femme,homme,1,1.0,Couples,True,1
82,False,True,57,56.0,False,True,False,False,False,False,0.0,0.0,0.0,19167.0,femme,homme,1,1.0,Couples,False,0
83,False,False,53,56.0,False,False,False,False,False,False,0.0,0.0,0.0,0.0,femme,homme,1,1.0,Couples,False,0
84,True,False,52,56.0,True,False,False,False,False,False,0.0,0.0,20987.0,0.0,femme,homme,1,1.0,Couples,False,0
85,True,False,58,57.0,True,False,False,False,False,False,0.0,0.0,22492.0,0.0,femme,homme,1,1.0,Couples,True,3
86,False,True,56,57.0,False,True,False,False,False,False,0.0,0.0,0.0,23492.0,femme,homme,1,1.0,Couples,True,1
87,True,True,47,57.0,True,True,False,False,False,False,0.0,0.0,9884.0,26562.0,femme,homme,1,1.0,Couples,True,1
88,True,True,58,57.0,True,True,False,False,False,False,0.0,0.0,22492.0,21398.0,femme,homme,1,1.0,Couples,False,0
89,False,False,54,57.0,False,False,False,False,False,False,0.0,0.0,0.0,0.0,femme,homme,1,1.0,Couples,False,0
90,True,True,58,58.0,True,True,False,False,False,False,0.0,0.0,22492.0,52108.0,femme,homme,1,1.0,Couples,True,1
91,True,True,59,58.0,True,False,False,False,False,False,0.0,0.0,11495.0,0.0,femme,homme,1,1.0,Couples,True,1
92,True,True,38,58.0,False,True,False,False,False,False,0.0,0.0,0.0,49735.0,femme,homme,1,1.0,Couples,False,0
93,False,True,55,58.0,False,True,False,False,False,False,0.0,0.0,0.0,5884.0,femme,homme,1,1.0,Couples,True,2
94,True,True,59,58.0,True,False,False,False,False,False,0.0,0.0,11495.0,0.0,femme,homme,1,1.0,Couples,True,2
95,True,True,59,59.0,True,True,False,False,False,False,0.0,0.0,11495.0,102517.0,femme,homme,1,1.0,Couples,False,0
96,False,True,56,59.0,False,True,False,False,False,False,0.0,0.0,0.0,21594.0,femme,homme,1,1.0,Couples,True,2
97,False,True,56,59.0,False,True,False,False,False,False,0.0,0.0,0.0,16688.0,femme,homme,1,1.0,Couples,True,1
98,False,True,56,59.0,False,True,False,False,False,True,0.0,0.0,0.0,9097.0,femme,homme,1,1.0,Couples,False,0
99,False,False,55,60.0,False,False,False,False,False,False,0.0,0.0,0.0,0.0,femme,homme,1,1.0,Couples,False,0
100,True,True,49,60.0,False,True,False,False,False,False,0.0,0.0,0.0,16787.0,femme,homme,1,1.0,Couples,True,1
101,False,True,60,60.0,False,True,False,False,False,False,0.0,0.0,0.0,43612.0,femme,homme,1,1.0,Couples,True,1
102,True,True,59,60.0,True,True,False,False,False,False,0.0,0.0,11495.0,39010.0,femme,homme,1,1.0,Couples,True,2
103,True,False,52,60.0,True,False,False,False,False,False,0.0,0.0,20987.0,0.0,femme,homme,1,1.0,Couples,True,2
104,True,False,63,61.0,True,False,False,False,False,False,0.0,0.0,10699.0,0.0,femme,homme,1,1.0,Couples,False,0
105,True,True,51,61.0,True,True,False,False,False,False,0.0,0.0,16400.0,1941.0,femme,homme,1,1.0,Couples,False,0
106,True,True,58,61.0,True,True,False,False,False,False,0.0,0.0,22492.0,23109.0,femme,homme,1,1.0,Couples,True,3
107,False,False,57,61.0,False,False,False,False,False,False,0.0,0.0,0.0,0.0,femme,homme,1,1.0,Couples,False,0
108,False,False,62,61.0,False,False,False,False,False,False,0.0,0.0,0.0,0.0,femme,homme,1,1.0,Couples,False,0
109,True,True,58,62.0,True,True,False,False,False,False,0.0,0.0,22492.0,69661.0,femme,homme,1,1.0,Couples,False,0
110,False,True,65,62.0,False,True,False,False,False,False,1259.0,0.0,0.0,43508.0,femme,homme,1,1.0,Couples,True,1
111,True,True,59,63.0,True,True,False,False,False,False,0.0,0.0,11495.0,41024.0,femme,homme,1,1.0,Couples,True,2
112,False,False,61,63.0,False,False,False,False,False,True,0.0,0.0,0.0,0.0,femme,homme,1,1.0,Couples,False,0
113,False,False,61,63.0,False,False,False,False,False,False,0.0,0.0,0.0,0.0,femme,homme,1,1.0,Couples,True,1
114,True,False,63,63.0,True,False,False,False,False,False,0.0,0.0,10699.0,0.0,femme,homme,1,1.0,Couples,True,1
115,True,False,59,64.0,True,False,False,False,False,False,0.0,0.0,11495.0,0.0,femme,homme,1,1.0,Couples,False,0
116,False,True,56,64.0,False,True,False,False,False,False,0.0,0.0,0.0,14842.0,femme,homme,1,1.0,Couples,True,1
117,True,True,64,64.0,False,True,False,False,False,False,0.0,0.0,0.0,23371.0,femme,homme,1,1.0,Couples,False,0
118,False,False,62,64.0,False,False,False,False,False,False,0.0,0.0,0.0,0.0,femme,homme,1,1.0,Couples,True,3
119,True,True,59,64.0,True,True,False,False,False,False,0.0,0.0,11495.0,10533.0,femme,homme,1,1.0,Couples,False,0
120,True,False,58,65.0,True,False,False,False,False,False,0.0,1797.0,22492.0,0.0,femme,homme,1,1.0,Couples,False,0
121,True,False,49,65.0,False,False,False,False,False,False,0.0,1797.0,0.0,0.0,femme,homme,1,1.0,Couples,True,2
122,True,False,58,65.0,True,False,False,False,False,False,0.0,1797.0,22492.0,0.0,femme,homme,1,1.0,Couples,False,0
123,False,False,65,65.0,False,False,False,False,False,False,1259.0,1797.0,0.0,0.0,femme,homme,1,1.0,Couples,True,2
124,False,False,65,65.0,False,False,False,False,False,False,1259.0,1797.0,0.0,0.0,femme,homme,1,1.0,Couples,False,0
125,False,False,69,65.0,False,False,False,False,False,False,1259.0,1797.0,0.0,0.0,femme,homme,1,1.0,Couples,False,0
126,False,False,56,66.0,False,False,False,False,False,False,0.0,1797.0,0.0,0.0,femme,homme,1,1.0,Couples,True,3
127,False,False,66,66.0,False,False,False,False,False,False,1259.0,1797.0,0.0,0.0,femme,homme,1,1.0,Couples,False,0
128,True,False,64,66.0,False,False,False,False,False,False,0.0,1797.0,0.0,0.0,femme,homme,1,1.0,Couples,True,3
129,False,False,55,66.0,False,False,False,False,False,False,0.0,1797.0,0.0,0.0,femme,homme,1,1.0,Couples,True,3
130,False,False,61,67.0,False,False,False,False,False,False,0.0,1797.0,0.0,0.0,femme,homme,1,1.0,Couples,True,2
131,False,False,61,67.0,False,False,False,False,False,False,0.0,1797.0,0.0,0.0,femme,homme,1,1.0,Couples,False,0
132,True,False,59,67.0,True,False,False,False,False,False,0.0,1797.0,11495.0,0.0,femme,homme,1,1.0,Couples,True,1
133,False,False,61,68.0,False,False,False,False,False,False,0.0,1797.0,0.0,0.0,femme,homme,1,1.0,Couples,False,0
134,False,False,68,68.0,False,False,False,False,False,False,1259.0,1797.0,0.0,0.0,femme,homme,1,1.0,Couples,False,0
135,False,False,65,68.0,False,False,False,False,False,False,1259.0,1797.0,0.0,0.0,femme,homme,1,1.0,Couples,True,2
136,False,False,60,68.0,False,False,False,False,False,False,0.0,1797.0,0.0,0.0,femme,homme,1,1.0,Couples,True,1
137,False,False,61,68.0,False,False,False,False,False,False,0.0,1797.0,0.0,0.0,femme,homme,1,1.0,Couples,True,1
138,True,False,63,68.0,True,False,False,False,False,False,0.0,1797.0,10699.0,0.0,femme,homme,1,1.0,Couples,True,2
139,False,False,69,69.0,False,False,False,False,False,False,1259.0,1797.0,0.0,0.0,femme,homme,1,1.0,Couples,False,0
140,False,False,84,69.0,False,False,False,False,False,False,1225.0,1797.0,0.0,0.0,femme,homme,1,1.0,Couples,True,1
141,False,False,69,69.0,False,False,False,False,False,False,1259.0,1797.0,0.0,0.0,femme,homme,1,1.0,Couples,True,1
142,False,False,67,69.0,False,False,False,False,False,False,1259.0,1797.0,0.0,0.0,femme,homme,1,1.0,Couples,True,2
143,False,False,68,70.0,False,False,False,False,False,False,1259.0,1713.0,0.0,0.0,femme,homme,1,1.0,Couples,True,2
144,False,False,66,70.0,False,False,False,False,False,False,1259.0,1713.0,0.0,0.0,femme,homme,1,1.0,Couples,True,1
145,False,False,68,70.0,False,False,False,False,False,False,1259.0,1713.0,0.0,0.0,femme,homme,1,1.0,Couples,True,1
146,False,True,72,70.0,False,True,False,False,False,False,1212.0,0.0,0.0,20135.0,femme,homme,1,1.0,Couples,True,2
147,False,False,69,71.0,False,False,False,False,False,False,1259.0,1713.0,0.0,0.0,femme,homme,1,1.0,Couples,False,0
148,False,False,66,71.0,False,False,False,False,False,False,1259.0,1713.0,0.0,0.0,femme,homme,1,1.0,Couples,True,1
149,False,False,68,72.0,False,False,False,False,False,False,1259.0,1713.0,0.0,0.0,femme,homme,1,1.0,Couples,True,2
150,False,False,70,72.0,False,False,False,False,False,False,1212.0,1713.0,0.0,0.0,femme,homme,1,1.0,Couples,False,0
151,False,False,72,73.0,False,False,False,False,False,False,1212.0,1713.0,0.0,0.0,femme,homme,1,1.0,Couples,True,1
152,False,False,73,73.0,False,False,False,False,False,False,1212.0,1713.0,0.0,0.0,femme,homme,1,1.0,Couples,True,3
153,False,False,61,73.0,False,False,False,False,False,False,0.0,1713.0,0.0,0.0,femme,homme,1,1.0,Couples,True,2
154,False,False,74,74.0,False,False,False,False,False,False,1212.0,1713.0,0.0,0.0,femme,homme,1,1.0,Couples,False,0
155,False,False,70,74.0,False,False,False,False,False,False,1212.0,1713.0,0.0,0.0,femme,homme,1,1.0,Couples,False,0
156,False,False,70,74.0,False,False,False,False,False,False,1212.0,1713.0,0.0,0.0,femme,homme,1,1.0,Couples,True,1
157,False,False,70,75.0,False,False,False,False,False,False,1212.0,1626.0,0.0,0.0,femme,homme,1,1.0,Couples,False,0
158,False,False,79,75.0,False,False,False,False,False,False,1173.0,1626.0,0.0,0.0,femme,homme,1,1.0,Couples,False,0
159,False,False,77,76.0,False,False,False,False,False,False,1173.0,1626.0,0.0,0.0,femme,homme,1,1.0,Couples,False,0
160,False,False,72,76.0,False,False,False,False,False,False,1212.0,1626.0,0.0,0.0,femme,homme,1,1.0,Couples,True,1
161,True,False,58,77.0,True,False,False,False,False,False,0.0,1626.0,22492.0,0.0,femme,homme,1,1.0,Couples,True,2
162,False,False,72,77.0,False,False,False,False,False,False,1212.0,1626.0,0.0,0.0,femme,homme,1,1.0,Couples,True,2
163,False,False,74,77.0,False,False,False,False,False,False,1212.0,1626.0,0.0,0.0,femme,homme,1,1.0,Couples,False,0
164,False,False,77,78.0,False,False,False,False,False,False,1173.0,1626.0,0.0,0.0,femme,homme,1,1.0,Couples,True,1
165,False,False,70,78.0,False,False,False,False,False,False,1212.0,1626.0,0.0,0.0,femme,homme,1,1.0,Couples,True,2
166,False,False,74,78.0,False,False,False,False,False,False,1212.0,1626.0,0.0,0.0,femme,homme,1,1.0,Couples,True,2
167,False,False,72,79.0,False,False,False,False,False,False,1212.0,1626.0,0.0,0.0,femme,homme,1,1.0,Couples,True,2
168,False,False,74,79.0,False,False,False,False,False,False,1212.0,1626.0,0.0,0.0,femme,homme,1,1.0,Couples,True,2
169,False,False,73,80.0,False,False,False,False,False,False,1212.0,1623.0,0.0,0.0,femme,homme,1,1.0,Couples,False,0
170,False,False,73,80.0,False,False,False,False,False,False,1212.0,1623.0,0.0,0.0,femme,homme,1,1.0,Couples,False,0
171,False,False,83,82.0,False,False,False,False,False,False,1225.0,1623.0,0.0,0.0,femme,homme,1,1.0,Couples,True,1
172,False,True,77,83.0,False,True,False,False,False,False,1173.0,0.0,0.0,75321.0,femme,homme,1,1.0,Couples,True,4
173,False,False,84,83.0,False,False,False,False,False,False,1225.0,1623.0,0.0,0.0,femme,homme,1,1.0,Couples,False,0
174,False,False,77,84.0,False,False,False,False,False,False,1173.0,1623.0,0.0,0.0,femme,homme,1,1.0,Couples,True,2
175,False,False,79,84.0,False,False,False,False,False,False,1173.0,1623.0,0.0,0.0,femme,homme,1,1.0,Couples,False,0
176,True,False,89,85.0,True,False,False,False,False,False,0.0,1687.0,49620.0,0.0,femme,homme,1,1.0,Couples,False,0
177,False,False,83,86.0,False,False,False,False,False,False,1225.0,1687.0,0.0,0.0,femme,homme,1,1.0,Couples,False,0
178,False,False,84,87.0,False,False,False,False,False,False,1225.0,1687.0,0.0,0.0,femme,homme,1,1.0,Couples,False,0
179,False,False,83,89.0,False,False,False,False,False,False,1225.0,1687.0,0.0,0.0,femme,homme,1,1.0,Couples,True,1
180,True,False,89,91.0,True,False,False,False,False,False,0.0,1687.0,49620.0,0.0,femme,homme,1,1.0,Couples,False,0
181,False,,15,,False,,True,,False,,0.0,,0.0,,femme,,0,,femme solo,False,0
182,False,,15,,False,,True,,False,,0.0,,0.0,,femme,,0,,femme solo,False,0
183,False,,15,,False,,True,,False,,0.0,,0.0,,femme,,0,,femme solo,False,0
184,False,,15,,False,,True,,False,,0.0,,0.0,,femme,,0,,femme solo,False,0
185,True,,15,,True,,True,,False,,0.0,,13670.0,,femme,,0,,femme solo,False,0
186,False,,15,,False,,True,,False,,0.0,,0.0,,femme,,0,,femme solo,False,0
187,False,,16,,False,,True,,False,,0.0,,0.0,,femme,,0,,femme solo,False,0
188,True,,16,,True,,True,,False,,0.0,,6180.0,,femme,,0,,femme solo,False,0
189,False,,16,,False,,True,,False,,0.0,,0.0,,femme,,0,,femme solo,False,0
190,False,,16,,False,,True,,False,,0.0,,0.0,,femme,,0,,femme solo,False,0
191,False,,16,,False,,True,,False,,0.0,,0.0,,femme,,0,,femme solo,True,1
192,False,,16,,False,,True,,False,,0.0,,0.0,,femme,,0,,femme solo,False,0
193,True,,17,,True,,True,,False,,0.0,,15234.0,,femme,,0,,femme solo,False,0
194,True,,17,,False,,True,,False,,0.0,,0.0,,femme,,0,,femme solo,False,0
195,True,,17,,False,,True,,False,,0.0,,0.0,,femme,,0,,femme solo,False,0
196,False,,17,,False,,True,,False,,0.0,,0.0,,femme,,0,,femme solo,False,0
197,False,,17,,False,,True,,False,,0.0,,0.0,,femme,,0,,femme solo,False,0
198,False,,17,,False,,True,,False,,0.0,,0.0,,femme,,0,,femme solo,False,0
199,True,,18,,True,,True,,False,,0.0,,7879.0,,femme,,0,,femme solo,False,0
200,True,,18,,True,,True,,False,,0.0,,4022.0,,femme,,0,,femme solo,False,0
201,False,,18,,False,,True,,False,,0.0,,0.0,,femme,,0,,femme solo,True,1
202,True,,18,,True,,True,,False,,0.0,,6002.0,,femme,,0,,femme solo,False,0
203,True,,18,,True,,True,,False,,0.0,,6101.0,,femme,,0,,femme solo,False,0
204,False,,18,,False,,False,,False,,0.0,,0.0,,femme,,0,,femme solo,False,0
205,False,,19,,False,,True,,False,,0.0,,0.0,,femme,,0,,femme solo,False,0
206,False,,19,,False,,True,,False,,0.0,,0.0,,femme,,0,,femme solo,False,0
207,False,,19,,False,,True,,False,,0.0,,0.0,,femme,,0,,femme solo,True,1
208,True,,19,,True,,True,,False,,0.0,,18096.0,,femme,,0,,femme solo,False,0
209,False,,19,,False,,False,,False,,0.0,,0.0,,femme,,0,,femme solo,False,0
210,False,,19,,False,,False,,False,,0.0,,0.0,,femme,,0,,femme solo,False,0
211,False,,20,,False,,False,,False,,0.0,,0.0,,femme,,0,,femme solo,False,0
212,False,,20,,False,,False,,False,,0.0,,0.0,,femme,,0,,femme solo,False,0
213,False,,20,,False,,True,,False,,0.0,,0.0,,femme,,0,,femme solo,True,1
214,True,,20,,False,,True,,False,,0.0,,0.0,,femme,,0,,femme solo,False,0
215,False,,20,,False,,True,,False,,0.0,,0.0,,femme,,0,,femme solo,True,3
216,False,,20,,False,,False,,False,,0.0,,0.0,,femme,,0,,femme solo,False,0
217,False,,21,,False,,False,,False,,0.0,,0.0,,femme,,0,,femme solo,False,0
218,False,,21,,False,,False,,False,,0.0,,0.0,,femme,,0,,femme solo,True,1
219,False,,21,,False,,True,,False,,0.0,,0.0,,femme,,0,,femme solo,False,0
220,True,,21,,True,,False,,False,,0.0,,7490.0,,femme,,0,,femme solo,True,4
221,False,,21,,False,,True,,False,,0.0,,0.0,,femme,,0,,femme solo,False,0
222,False,,22,,False,,False,,False,,0.0,,0.0,,femme,,0,,femme solo,False,0
223,False,,22,,False,,False,,False,,0.0,,0.0,,femme,,0,,femme solo,False,0
224,True,,22,,True,,False,,False,,0.0,,11354.0,,femme,,0,,femme solo,False,0
225,True,,22,,True,,False,,False,,0.0,,3664.0,,femme,,0,,femme solo,False,0
226,False,,22,,False,,False,,False,,0.0,,0.0,,femme,,0,,femme solo,False,0
227,True,,23,,True,,False,,False,,0.0,,3135.0,,femme,,0,,femme solo,True,2
228,False,,23,,False,,True,,False,,0.0,,0.0,,femme,,0,,femme solo,False,0
229,False,,23,,False,,True,,False,,0.0,,0.0,,femme,,0,,femme solo,False,0
230,True,,23,,True,,False,,False,,0.0,,13499.0,,femme,,0,,femme solo,False,0
231,False,,23,,False,,True,,False,,0.0,,0.0,,femme,,0,,femme solo,False,0
232,False,,23,,False,,False,,False,,0.0,,0.0,,femme,,0,,femme solo,False,0
233,True,,24,,True,,True,,False,,0.0,,6093.0,,femme,,0,,femme solo,True,2
234,True,,24,,True,,True,,False,,0.0,,15420.0,,femme,,0,,femme solo,True,1
235,False,,24,,False,,False,,False,,0.0,,0.0,,femme,,0,,femme solo,False,0
236,False,,24,,False,,False,,False,,0.0,,0.0,,femme,,0,,femme solo,False,0
237,False,,24,,False,,True,,False,,0.0,,0.0,,femme,,0,,femme solo,False,0
238,False,,24,,False,,False,,False,,0.0,,0.0,,femme,,0,,femme solo,True,1
239,True,,25,,True,,False,,False,,0.0,,11231.0,,femme,,0,,femme solo,False,0
240,True,,25,,True,,False,,True,,0.0,,13509.0,,femme,,0,,femme solo,True,1
241,True,,25,,True,,True,,False,,0.0,,6613.0,,femme,,0,,femme solo,False,0
242,True,,25,,True,,False,,False,,0.0,,21511.0,,femme,,0,,femme solo,False,0
243,True,,25,,True,,False,,False,,0.0,,13994.0,,femme,,0,,femme solo,False,0
244,False,,25,,False,,False,,False,,0.0,,0.0,,femme,,0,,femme solo,False,0
245,False,,26,,False,,False,,False,,0.0,,0.0,,femme,,0,,femme solo,False,0
246,True,,26,,True,,False,,False,,0.0,,23374.0,,femme,,0,,femme solo,False,0
247,True,,26,,True,,False,,False,,0.0,,22909.0,,femme,,0,,femme solo,False,0
248,False,,26,,False,,False,,False,,0.0,,0.0,,femme,,0,,femme solo,False,0
249,True,,26,,True,,False,,False,,0.0,,15214.0,,femme,,0,,femme solo,False,0
250,False,,26,,False,,False,,False,,0.0,,0.0,,femme,,0,,femme solo,False,0
251,True,,27,,True,,False,,False,,0.0,,2230.0,,femme,,0,,femme solo,False,0
252,True,,27,,False,,False,,False,,0.0,,0.0,,femme,,0,,femme solo,True,2
253,True,,27,,True,,False,,False,,0.0,,11182.0,,femme,,0,,femme solo,False,0
254,False,,28,,False,,False,,False,,0.0,,0.0,,femme,,0,,femme solo,False,0
255,True,,28,,True,,False,,False,,0.0,,17986.0,,femme,,0,,femme solo,False,0
256,False,,28,,False,,False,,False,,0.0,,0.0,,femme,,0,,femme solo,True,1
257,True,,28,,True,,False,,False,,0.0,,11301.0,,femme,,0,,femme solo,False,0
258,True,,29,,True,,False,,False,,0.0,,20588.0,,femme,,0,,femme solo,False,0
259,True,,29,,True,,False,,False,,0.0,,31600.0,,femme,,0,,femme solo,False,0
260,True,,29,,True,,False,,False,,0.0,,7791.0,,femme,,0,,femme solo,False,0
261,True,,29,,True,,False,,False,,0.0,,16448.0,,femme,,0,,femme solo,False,0
262,False,,29,,False,,False,,False,,0.0,,0.0,,femme,,0,,femme solo,False,0
263,True,,30,,True,,False,,False,,0.0,,37990.0,,femme,,0,,femme solo,False,0
264,True,,30,,True,,False,,False,,0.0,,23474.0,,femme,,0,,femme solo,False,0
265,True,,30,,True,,False,,False,,0.0,,19078.0,,femme,,0,,femme solo,False,0
266,True,,30,,True,,False,,False,,0.0,,4987.0,,femme,,0,,femme solo,False,0
267,True,,31,,True,,False,,False,,0.0,,20850.0,,femme,,0,,femme solo,False,0
268,True,,31,,True,,False,,False,,0.0,,13807.0,,femme,,0,,femme solo,False,0
269,True,,31,,True,,False,,False,,0.0,,954.0,,femme,,0,,femme solo,True,2
270,False,,31,,False,,False,,False,,0.0,,0.0,,femme,,0,,femme solo,False,0
271,True,,31,,True,,False,,False,,0.0,,17923.0,,femme,,0,,femme solo,False,0
272,True,,32,,True,,False,,False,,0.0,,5946.0,,femme,,0,,femme solo,False,0
273,True,,32,,True,,False,,False,,0.0,,16782.0,,femme,,0,,femme solo,False,0
274,True,,32,,True,,False,,False,,0.0,,35820.0,,femme,,0,,femme solo,False,0
275,True,,32,,True,,False,,False,,0.0,,13886.0,,femme,,0,,femme solo,False,0
276,False,,33,,False,,False,,False,,0.0,,0.0,,femme,,0,,femme solo,False,0
277,False,,33,,False,,False,,False,,0.0,,0.0,,femme,,0,,femme solo,False,0
278,True,,34,,True,,False,,False,,0.0,,32146.0,,femme,,0,,femme solo,True,1
279,True,,34,,True,,False,,False,,0.0,,16751.0,,femme,,0,,femme solo,False,0
280,True,,34,,True,,False,,False,,0.0,,21165.0,,femme,,0,,femme solo,False,0
281,False,,34,,False,,False,,False,,0.0,,0.0,,femme,,0,,femme solo,False,0
282,True,,34,,True,,False,,False,,0.0,,2316.0,,femme,,0,,femme solo,False,0
283,True,,35,,True,,False,,False,,0.0,,3709.0,,femme,,0,,femme solo,False,0
284,False,,35,,False,,False,,False,,0.0,,0.0,,femme,,0,,femme solo,False,0
285,False,,35,,False,,False,,False,,0.0,,0.0,,femme,,3,,femme solo,False,0
286,True,,35,,True,,False,,False,,0.0,,20168.0,,femme,,0,,femme solo,False,0
287,True,,36,,True,,False,,False,,0.0,,19976.0,,femme,,0,,femme solo,False,0
288,True,,36,,True,,False,,False,,0.0,,26168.0,,femme,,3,,femme solo,False,0
289,True,,36,,True,,False,,False,,0.0,,26254.0,,femme,,2,,femme solo,False,0
290,True,,36,,True,,False,,False,,0.0,,1285.0,,femme,,0,,femme solo,False,0
291,False,,37,,False,,False,,False,,0.0,,0.0,,femme,,3,,femme solo,False,0
292,False,,37,,False,,False,,False,,0.0,,0.0,,femme,,3,,femme solo,True,1
293,True,,37,,True,,False,,False,,0.0,,21445.0,,femme,,0,,femme solo,False,0
294,False,,37,,False,,False,,False,,0.0,,0.0,,femme,,0,,femme solo,False,0
295,False,,37,,False,,False,,False,,0.0,,0.0,,femme,,0,,femme solo,False,0
296,True,,38,,True,,False,,False,,0.0,,21746.0,,femme,,0,,femme solo,False,0
297,True,,38,,True,,False,,False,,0.0,,28983.0,,femme,,0,,femme solo,False,0
298,False,,38,,False,,False,,False,,0.0,,0.0,,femme,,0,,femme solo,True,1
299,True,,39,,True,,False,,False,,0.0,,8536.0,,femme,,0,,femme solo,False,0
300,False,,39,,False,,False,,False,,0.0,,0.0,,femme,,3,,femme solo,False,0
301,True,,40,,True,,False,,False,,0.0,,22389.0,,femme,,0,,femme solo,False,0
302,True,,40,,False,,False,,False,,0.0,,0.0,,femme,,3,,femme solo,False,0
303,True,,40,,False,,False,,False,,0.0,,0.0,,femme,,0,,femme solo,False,0
304,True,,40,,False,,False,,False,,0.0,,0.0,,femme,,0,,femme solo,False,0
305,True,,41,,True,,False,,False,,0.0,,34285.0,,femme,,3,,femme solo,False,0
306,True,,41,,True,,False,,False,,0.0,,9842.0,,femme,,0,,femme solo,False,0
307,True,,41,,True,,False,,False,,0.0,,56796.0,,femme,,0,,femme solo,False,0
308,False,,43,,False,,False,,False,,0.0,,0.0,,femme,,0,,femme solo,False,0
309,True,,43,,True,,False,,False,,0.0,,30540.0,,femme,,3,,femme solo,True,2
310,True,,44,,True,,False,,False,,0.0,,17340.0,,femme,,0,,femme solo,False,0
311,True,,44,,True,,False,,False,,0.0,,18179.0,,femme,,0,,femme solo,False,0
312,False,,45,,False,,False,,False,,0.0,,0.0,,femme,,0,,femme solo,False,0
313,True,,45,,True,,False,,False,,0.0,,20211.0,,femme,,0,,femme solo,False,0
314,False,,45,,False,,False,,False,,0.0,,0.0,,femme,,0,,femme solo,False,0
315,True,,46,,True,,False,,False,,0.0,,34667.0,,femme,,0,,femme solo,False,0
316,False,,46,,False,,False,,False,,0.0,,0.0,,femme,,2,,femme solo,False,0
317,True,,47,,True,,False,,False,,0.0,,19773.0,,femme,,0,,femme solo,False,0
318,True,,47,,True,,False,,False,,0.0,,59687.0,,femme,,0,,femme solo,False,0
319,True,,48,,True,,False,,False,,0.0,,7.0,,femme,,0,,femme solo,False,0
320,True,,48,,True,,False,,False,,0.0,,24971.0,,femme,,3,,femme solo,False,0
321,True,,48,,True,,False,,False,,0.0,,21948.0,,femme,,0,,femme solo,False,0
322,True,,49,,True,,False,,False,,0.0,,8968.0,,femme,,0,,femme solo,False,0
323,False,,49,,False,,False,,False,,0.0,,0.0,,femme,,3,,femme solo,False,0
324,True,,49,,False,,False,,False,,0.0,,0.0,,femme,,3,,femme solo,False,0
325,True,,49,,True,,False,,False,,0.0,,2105.0,,femme,,3,,femme solo,False,0
326,True,,49,,True,,False,,False,,0.0,,17521.0,,femme,,3,,femme solo,False,0
327,True,,50,,True,,False,,False,,0.0,,3777.0,,femme,,0,,femme solo,True,1
328,True,,50,,False,,False,,False,,0.0,,0.0,,femme,,0,,femme solo,False,0
329,False,,50,,False,,False,,False,,0.0,,0.0,,femme,,3,,femme solo,False,0
330,True,,51,,True,,False,,False,,0.0,,3113.0,,femme,,0,,femme solo,False,0
331,True,,51,,True,,False,,False,,0.0,,29379.0,,femme,,0,,femme solo,False,0
332,True,,52,,True,,False,,False,,0.0,,27675.0,,femme,,3,,femme solo,True,1
333,True,,52,,True,,False,,False,,0.0,,6022.0,,femme,,3,,femme solo,False,0
334,True,,52,,True,,False,,False,,0.0,,24174.0,,femme,,3,,femme solo,False,0
335,True,,53,,True,,False,,False,,0.0,,11333.0,,femme,,0,,femme solo,False,0
336,False,,53,,False,,False,,False,,0.0,,0.0,,femme,,3,,femme solo,False,0
337,False,,53,,False,,False,,False,,0.0,,0.0,,femme,,3,,femme solo,False,0
338,False,,53,,False,,False,,False,,0.0,,0.0,,femme,,0,,femme solo,False,0
339,True,,54,,True,,False,,False,,0.0,,17761.0,,femme,,0,,femme solo,True,2
340,True,,54,,False,,False,,False,,0.0,,0.0,,femme,,0,,femme solo,False,0
341,True,,54,,True,,False,,False,,0.0,,35094.0,,femme,,0,,femme solo,False,0
342,False,,55,,False,,False,,False,,0.0,,0.0,,femme,,3,,femme solo,False,0
343,True,,55,,True,,False,,False,,0.0,,11611.0,,femme,,2,,femme solo,False,0
344,False,,55,,False,,False,,False,,0.0,,0.0,,femme,,3,,femme solo,True,1
345,True,,56,,True,,False,,False,,0.0,,30289.0,,femme,,0,,femme solo,False,0
346,True,,56,,True,,False,,False,,0.0,,9327.0,,femme,,0,,femme solo,True,3
347,True,,56,,True,,False,,False,,0.0,,20134.0,,femme,,0,,femme solo,False,0
348,True,,56,,True,,False,,False,,0.0,,1535.0,,femme,,3,,femme solo,False,0
349,True,,57,,True,,False,,False,,0.0,,14487.0,,femme,,0,,femme solo,False,0
350,True,,57,,True,,False,,False,,0.0,,34660.0,,femme,,3,,femme solo,False,0
351,False,,57,,False,,False,,False,,0.0,,0.0,,femme,,3,,femme solo,True,1
352,True,,58,,True,,False,,False,,0.0,,6578.0,,femme,,0,,femme solo,False,0
353,True,,58,,True,,False,,False,,0.0,,42213.0,,femme,,0,,femme solo,False,0
354,False,,58,,False,,False,,False,,0.0,,0.0,,femme,,3,,femme solo,False,0
355,True,,59,,True,,False,,False,,0.0,,35058.0,,femme,,2,,femme solo,False,0
356,True,,59,,True,,False,,False,,0.0,,33349.0,,femme,,0,,femme solo,False,0
357,True,,60,,True,,False,,False,,0.0,,12002.0,,femme,,3,,femme solo,False,0
358,True,,60,,True,,False,,False,,0.0,,14580.0,,femme,,3,,femme solo,False,0
359,True,,60,,True,,False,,False,,0.0,,1903.0,,femme,,3,,femme solo,False,0
360,True,,60,,True,,False,,False,,0.0,,1164.0,,femme,,2,,femme solo,True,2
361,False,,62,,False,,False,,False,,0.0,,0.0,,femme,,2,,femme solo,False,0
362,True,,62,,True,,False,,False,,0.0,,5074.0,,femme,,3,,femme solo,True,2
363,True,,62,,True,,False,,False,,0.0,,5359.0,,femme,,3,,femme solo,False,0
364,True,,63,,True,,False,,False,,0.0,,47234.0,,femme,,2,,femme solo,False,0
365,True,,63,,True,,False,,False,,0.0,,38769.0,,femme,,2,,femme solo,True,1
366,False,,65,,False,,False,,False,,1259.0,,0.0,,femme,,2,,femme solo,False,0
367,False,,65,,False,,False,,False,,1259.0,,0.0,,femme,,0,,femme solo,False,0
368,False,,65,,False,,False,,False,,1259.0,,0.0,,femme,,2,,femme solo,False,0
369,False,,65,,False,,False,,False,,1259.0,,0.0,,femme,,0,,femme solo,False,0
370,False,,66,,False,,False,,False,,1259.0,,0.0,,femme,,0,,femme solo,True,2
371,False,,66,,False,,False,,False,,1259.0,,0.0,,femme,,2,,femme solo,True,1
372,False,,67,,False,,False,,False,,1259.0,,0.0,,femme,,2,,femme solo,True,4
373,False,,68,,False,,False,,False,,1259.0,,0.0,,femme,,0,,femme solo,False,0
374,False,,68,,False,,False,,False,,1259.0,,0.0,,femme,,2,,femme solo,True,1
375,False,,68,,False,,False,,False,,1259.0,,0.0,,femme,,3,,femme solo,True,2
376,False,,69,,False,,False,,False,,1259.0,,0.0,,femme,,3,,femme solo,False,0
377,False,,69,,False,,False,,False,,1259.0,,0.0,,femme,,0,,femme solo,False,0
378,False,,69,,False,,False,,False,,1259.0,,0.0,,femme,,3,,femme solo,False,0
379,False,,70,,False,,False,,False,,1212.0,,0.0,,femme,,0,,femme solo,True,1
380,False,,71,,False,,False,,False,,1212.0,,0.0,,femme,,2,,femme solo,False,0
381,False,,71,,False,,False,,False,,1212.0,,0.0,,femme,,0,,femme solo,False,0
382,False,,72,,False,,False,,False,,1212.0,,0.0,,femme,,2,,femme solo,True,1
383,False,,72,,False,,False,,False,,1212.0,,0.0,,femme,,3,,femme solo,True,1
384,False,,73,,False,,False,,False,,1212.0,,0.0,,femme,,0,,femme solo,False,0
385,False,,73,,False,,False,,False,,1212.0,,0.0,,femme,,3,,femme solo,False,0
386,False,,75,,False,,False,,False,,1173.0,,0.0,,femme,,2,,femme solo,False,0
387,False,,76,,False,,False,,False,,1173.0,,0.0,,femme,,3,,femme solo,True,2
388,False,,76,,False,,False,,False,,1173.0,,0.0,,femme,,2,,femme solo,True,1
389,False,,76,,False,,False,,False,,1173.0,,0.0,,femme,,3,,femme solo,False,0
390,False,,76,,False,,False,,False,,1173.0,,0.0,,femme,,2,,femme solo,False,0
391,False,,77,,False,,False,,False,,1173.0,,0.0,,femme,,2,,femme solo,False,0
392,False,,77,,False,,False,,False,,1173.0,,0.0,,femme,,2,,femme solo,False,0
393,False,,77,,False,,False,,False,,1173.0,,0.0,,femme,,2,,femme solo,False,0
394,False,,78,,False,,False,,False,,1173.0,,0.0,,femme,,2,,femme solo,False,0
395,False,,78,,False,,False,,False,,1173.0,,0.0,,femme,,3,,femme solo,False,0
396,False,,79,,False,,False,,False,,1173.0,,0.0,,femme,,2,,femme solo,False,0
397,False,,79,,False,,False,,False,,1173.0,,0.0,,femme,,2,,femme solo,True,1
398,False,,79,,False,,False,,False,,1173.0,,0.0,,femme,,2,,femme solo,False,0
399,False,,80,,False,,False,,False,,1225.0,,0.0,,femme,,2,,femme solo,False,0
400,False,,80,,False,,False,,False,,1225.0,,0.0,,femme,,2,,femme solo,False,0
401,False,,81,,False,,False,,False,,1225.0,,0.0,,femme,,2,,femme solo,False,0
402,False,,81,,False,,False,,False,,1225.0,,0.0,,femme,,3,,femme solo,False,0
403,False,,82,,False,,False,,False,,1225.0,,0.0,,femme,,2,,femme solo,False,0
404,False,,83,,False,,False,,False,,1225.0,,0.0,,femme,,2,,femme solo,False,0
405,False,,83,,False,,False,,False,,1225.0,,0.0,,femme,,2,,femme solo,False,0
406,False,,84,,False,,False,,False,,1225.0,,0.0,,femme,,2,,femme solo,False,0
407,False,,85,,False,,False,,False,,1330.0,,0.0,,femme,,2,,femme solo,False,0
408,False,,85,,False,,False,,False,,1330.0,,0.0,,femme,,2,,femme solo,False,0
409,False,,85,,False,,False,,False,,1330.0,,0.0,,femme,,3,,femme solo,False,0
410,False,,86,,False,,False,,False,,1330.0,,0.0,,femme,,2,,femme solo,False,0
411,False,,86,,False,,False,,False,,1330.0,,0.0,,femme,,2,,femme solo,False,0
412,False,,86,,False,,False,,False,,1330.0,,0.0,,femme,,2,,femme solo,False,0
413,False,,87,,False,,False,,False,,1330.0,,0.0,,femme,,2,,femme solo,False,0
414,False,,87,,False,,False,,False,,1330.0,,0.0,,femme,,2,,femme solo,False,0
415,False,,88,,False,,False,,False,,1330.0,,0.0,,femme,,2,,femme solo,False,0
416,False,,89,,False,,False,,False,,1330.0,,0.0,,femme,,2,,femme solo,False,0
417,False,,90,,False,,False,,False,,1330.0,,0.0,,femme,,2,,femme solo,False,0
418,True,,91,,True,,False,,False,,0.0,,12053.0,,femme,,2,,femme solo,False,0
419,False,,91,,False,,False,,False,,1330.0,,0.0,,femme,,2,,femme solo,False,0
420,False,,92,,False,,False,,False,,1330.0,,0.0,,femme,,2,,femme solo,True,2
421,False,,93,,False,,False,,False,,1330.0,,0.0,,femme,,2,,femme solo,False,0
422,False,,94,,False,,False,,False,,1330.0,,0.0,,femme,,0,,femme solo,True,1
423,False,,95,,False,,False,,False,,1330.0,,0.0,,femme,,2,,femme solo,False,0
424,True,,15,,True,,True,,False,,0.0,,16985.0,,homme,,0,,homme solo,False,0
425,False,,15,,False,,True,,False,,0.0,,0.0,,homme,,0,,homme solo,False,0
426,True,,15,,True,,True,,False,,0.0,,9126.0,,homme,,0,,homme solo,False,0
427,False,,15,,False,,True,,False,,0.0,,0.0,,homme,,0,,homme solo,False,0
428,True,,15,,True,,True,,False,,0.0,,14374.0,,homme,,0,,homme solo,False,0
429,False,,15,,False,,True,,False,,0.0,,0.0,,homme,,0,,homme solo,False,0
430,False,,15,,False,,True,,False,,0.0,,0.0,,homme,,0,,homme solo,False,0
431,False,,16,,False,,True,,False,,0.0,,0.0,,homme,,0,,homme solo,True,2
432,False,,16,,False,,True,,False,,0.0,,0.0,,homme,,0,,homme solo,False,0
433,False,,16,,False,,True,,False,,0.0,,0.0,,homme,,0,,homme solo,False,0
434,False,,16,,False,,True,,False,,0.0,,0.0,,homme,,0,,homme solo,False,0
435,True,,16,,False,,True,,False,,0.0,,0.0,,homme,,0,,homme solo,True,1
436,False,,16,,False,,True,,False,,0.0,,0.0,,homme,,0,,homme solo,False,0
437,False,,17,,False,,True,,False,,0.0,,0.0,,homme,,0,,homme solo,True,2
438,True,,17,,False,,True,,False,,0.0,,0.0,,homme,,0,,homme solo,False,0
439,False,,17,,False,,True,,False,,0.0,,0.0,,homme,,0,,homme solo,False,0
440,False,,17,,False,,True,,False,,0.0,,0.0,,homme,,0,,homme solo,False,0
441,False,,17,,False,,True,,False,,0.0,,0.0,,homme,,0,,homme solo,False,0
442,True,,17,,False,,True,,False,,0.0,,0.0,,homme,,0,,homme solo,False,0
443,False,,18,,False,,True,,False,,0.0,,0.0,,homme,,0,,homme solo,False,0
444,False,,18,,False,,True,,False,,0.0,,0.0,,homme,,0,,homme solo,False,0
445,False,,18,,False,,True,,False,,0.0,,0.0,,homme,,0,,homme solo,False,0
446,False,,18,,False,,True,,False,,0.0,,0.0,,homme,,0,,homme solo,False,0
447,False,,18,,False,,False,,False,,0.0,,0.0,,homme,,0,,homme solo,False,0
448,False,,18,,False,,True,,False,,0.0,,0.0,,homme,,0,,homme solo,False,0
449,True,,19,,True,,True,,False,,0.0,,1248.0,,homme,,0,,homme solo,False,0
450,False,,19,,False,,True,,False,,0.0,,0.0,,homme,,0,,homme solo,False,0
451,False,,19,,False,,False,,False,,0.0,,0.0,,homme,,0,,homme solo,False,0
452,True,,19,,True,,True,,False,,0.0,,22467.0,,homme,,0,,homme solo,False,0
453,True,,19,,False,,True,,False,,0.0,,0.0,,homme,,0,,homme solo,False,0
454,False,,19,,False,,False,,False,,0.0,,0.0,,homme,,0,,homme solo,False,0
455,False,,20,,False,,False,,False,,0.0,,0.0,,homme,,0,,homme solo,False,0
456,False,,20,,False,,True,,False,,0.0,,0.0,,homme,,0,,homme solo,False,0
457,True,,20,,False,,True,,False,,0.0,,0.0,,homme,,0,,homme solo,False,0
458,False,,20,,False,,True,,False,,0.0,,0.0,,homme,,0,,homme solo,False,0
459,True,,20,,False,,True,,False,,0.0,,0.0,,homme,,0,,homme solo,False,0
460,False,,20,,False,,True,,False,,0.0,,0.0,,homme,,0,,homme solo,False,0
461,True,,21,,True,,False,,False,,0.0,,5066.0,,homme,,0,,homme solo,False,0
462,False,,21,,False,,True,,False,,0.0,,0.0,,homme,,0,,homme solo,False,0
463,False,,21,,False,,True,,False,,0.0,,0.0,,homme,,0,,homme solo,False,0
464,True,,21,,True,,False,,False,,0.0,,6726.0,,homme,,0,,homme solo,False,0
465,True,,21,,True,,False,,False,,0.0,,21445.0,,homme,,0,,homme solo,False,0
466,False,,21,,False,,True,,False,,0.0,,0.0,,homme,,0,,homme solo,False,0
467,False,,22,,False,,False,,False,,0.0,,0.0,,homme,,0,,homme solo,False,0
468,False,,22,,False,,False,,False,,0.0,,0.0,,homme,,0,,homme solo,False,0
469,False,,22,,False,,False,,False,,0.0,,0.0,,homme,,0,,homme solo,False,0
470,False,,22,,False,,True,,False,,0.0,,0.0,,homme,,0,,homme solo,False,0
471,False,,22,,False,,False,,False,,0.0,,0.0,,homme,,0,,homme solo,False,0
472,True,,22,,False,,False,,False,,0.0,,0.0,,homme,,0,,homme solo,False,0
473,False,,23,,False,,False,,False,,0.0,,0.0,,homme,,0,,homme solo,False,0
474,True,,23,,True,,False,,False,,0.0,,21009.0,,homme,,0,,homme solo,False,0
475,True,,23,,True,,False,,False,,0.0,,3116.0,,homme,,0,,homme solo,False,0
476,True,,23,,True,,False,,False,,0.0,,15597.0,,homme,,0,,homme solo,False,0
477,False,,23,,False,,False,,False,,0.0,,0.0,,homme,,0,,homme solo,False,0
478,True,,23,,True,,False,,False,,0.0,,17356.0,,homme,,0,,homme solo,False,0
479,False,,24,,False,,False,,False,,0.0,,0.0,,homme,,0,,homme solo,False,0
480,True,,24,,True,,False,,False,,0.0,,16257.0,,homme,,0,,homme solo,False,0
481,True,,24,,True,,False,,False,,0.0,,21017.0,,homme,,0,,homme solo,False,0
482,False,,24,,False,,False,,False,,0.0,,0.0,,homme,,0,,homme solo,False,0
483,False,,24,,False,,False,,False,,0.0,,0.0,,homme,,0,,homme solo,False,0
484,True,,25,,True,,False,,False,,0.0,,26557.0,,homme,,0,,homme solo,False,0
485,True,,25,,True,,False,,True,,0.0,,7304.0,,homme,,0,,homme solo,False,0
486,True,,25,,True,,False,,False,,0.0,,21026.0,,homme,,0,,homme solo,False,0
487,True,,25,,True,,True,,False,,0.0,,17251.0,,homme,,0,,homme solo,False,0
488,True,,25,,True,,False,,False,,0.0,,18959.0,,homme,,0,,homme solo,False,0
489,False,,25,,False,,False,,False,,0.0,,0.0,,homme,,0,,homme solo,False,0
490,False,,26,,False,,False,,False,,0.0,,0.0,,homme,,0,,homme solo,False,0
491,True,,26,,True,,False,,False,,0.0,,19563.0,,homme,,0,,homme solo,False,0
492,True,,26,,True,,False,,False,,0.0,,10555.0,,homme,,0,,homme solo,False,0
493,True,,26,,True,,False,,False,,0.0,,20177.0,,homme,,0,,homme solo,False,0
494,True,,26,,True,,False,,False,,0.0,,17815.0,,homme,,0,,homme solo,False,0
495,True,,26,,True,,False,,False,,0.0,,36074.0,,homme,,0,,homme solo,False,0
496,True,,27,,True,,False,,False,,0.0,,18735.0,,homme,,0,,homme solo,False,0
497,True,,27,,True,,False,,False,,0.0,,17732.0,,homme,,0,,homme solo,False,0
498,True,,27,,True,,False,,False,,0.0,,15593.0,,homme,,0,,homme solo,False,0
499,True,,27,,True,,False,,False,,0.0,,13243.0,,homme,,0,,homme solo,False,0
500,True,,27,,True,,False,,False,,0.0,,23934.0,,homme,,0,,homme solo,False,0
501,True,,28,,True,,False,,False,,0.0,,5657.0,,homme,,0,,homme solo,False,0
502,True,,28,,True,,False,,False,,0.0,,28628.0,,homme,,0,,homme solo,False,0
503,True,,28,,True,,False,,False,,0.0,,17737.0,,homme,,0,,homme solo,False,0
504,True,,28,,True,,False,,False,,0.0,,14928.0,,homme,,0,,homme solo,False,0
505,True,,28,,True,,False,,False,,0.0,,682.0,,homme,,0,,homme solo,False,0
506,True,,28,,True,,False,,False,,0.0,,11844.0,,homme,,0,,homme solo,False,0
507,True,,29,,True,,False,,False,,0.0,,17008.0,,homme,,0,,homme solo,False,0
508,False,,29,,False,,False,,False,,0.0,,0.0,,homme,,0,,homme solo,False,0
509,True,,29,,True,,False,,False,,0.0,,21347.0,,homme,,0,,homme solo,False,0
510,True,,29,,True,,False,,False,,0.0,,29678.0,,homme,,0,,homme solo,False,0
511,True,,30,,True,,False,,False,,0.0,,30669.0,,homme,,0,,homme solo,False,0
512,True,,30,,True,,False,,False,,0.0,,40256.0,,homme,,0,,homme solo,False,0
513,False,,30,,False,,False,,False,,0.0,,0.0,,homme,,0,,homme solo,False,0
514,True,,30,,True,,False,,False,,0.0,,27663.0,,homme,,0,,homme solo,False,0
515,True,,30,,True,,False,,False,,0.0,,18699.0,,homme,,0,,homme solo,False,0
516,False,,30,,False,,False,,False,,0.0,,0.0,,homme,,0,,homme solo,False,0
517,True,,31,,True,,False,,False,,0.0,,6312.0,,homme,,0,,homme solo,False,0
518,True,,31,,True,,False,,False,,0.0,,23240.0,,homme,,0,,homme solo,False,0
519,True,,31,,True,,False,,False,,0.0,,1727.0,,homme,,0,,homme solo,False,0
520,True,,31,,True,,False,,False,,0.0,,21696.0,,homme,,0,,homme solo,False,0
521,True,,31,,True,,False,,False,,0.0,,31074.0,,homme,,0,,homme solo,True,3
522,True,,32,,True,,False,,False,,0.0,,18549.0,,homme,,3,,homme solo,False,0
523,False,,32,,False,,False,,False,,0.0,,0.0,,homme,,0,,homme solo,False,0
524,True,,32,,True,,False,,False,,0.0,,226331.0,,homme,,0,,homme solo,False,0
525,True,,32,,True,,False,,True,,0.0,,38423.0,,homme,,0,,homme solo,False,0
526,True,,33,,True,,False,,False,,0.0,,22102.0,,homme,,0,,homme solo,False,0
527,True,,33,,True,,False,,False,,0.0,,18512.0,,homme,,0,,homme solo,False,0
528,True,,33,,True,,False,,False,,0.0,,18594.0,,homme,,0,,homme solo,False,0
529,True,,33,,True,,False,,False,,0.0,,4328.0,,homme,,0,,homme solo,False,0
530,True,,33,,True,,False,,False,,0.0,,18156.0,,homme,,0,,homme solo,False,0
531,True,,33,,True,,False,,False,,0.0,,21933.0,,homme,,0,,homme solo,False,0
532,True,,34,,True,,False,,False,,0.0,,24776.0,,homme,,0,,homme solo,True,2
533,True,,34,,True,,False,,False,,0.0,,47253.0,,homme,,0,,homme solo,False,0
534,True,,34,,True,,False,,False,,0.0,,62836.0,,homme,,0,,homme solo,False,0
535,True,,34,,True,,False,,False,,0.0,,41885.0,,homme,,0,,homme solo,False,0
536,True,,34,,True,,False,,False,,0.0,,23909.0,,homme,,0,,homme solo,False,0
537,True,,35,,True,,False,,False,,0.0,,50099.0,,homme,,0,,homme solo,False,0
538,True,,35,,True,,False,,False,,0.0,,21749.0,,homme,,0,,homme solo,False,0
539,True,,35,,True,,False,,False,,0.0,,55699.0,,homme,,0,,homme solo,False,0
540,False,,35,,False,,False,,False,,0.0,,0.0,,homme,,0,,homme solo,False,0
541,True,,35,,True,,False,,False,,0.0,,20088.0,,homme,,0,,homme solo,False,0
542,False,,36,,False,,False,,False,,0.0,,0.0,,homme,,0,,homme solo,False,0
543,True,,36,,True,,False,,False,,0.0,,13785.0,,homme,,0,,homme solo,False,0
544,True,,36,,True,,False,,False,,0.0,,19803.0,,homme,,0,,homme solo,False,0
545,True,,37,,True,,False,,False,,0.0,,17816.0,,homme,,0,,homme solo,False,0
546,True,,37,,True,,False,,False,,0.0,,25963.0,,homme,,0,,homme solo,False,0
547,True,,37,,True,,False,,False,,0.0,,21409.0,,homme,,0,,homme solo,False,0
548,True,,38,,True,,False,,False,,0.0,,18183.0,,homme,,0,,homme solo,False,0
549,True,,38,,True,,False,,False,,0.0,,19463.0,,homme,,0,,homme solo,False,0
550,True,,38,,True,,False,,False,,0.0,,42384.0,,homme,,0,,homme solo,False,0
551,True,,39,,True,,False,,False,,0.0,,26342.0,,homme,,0,,homme solo,False,0
552,True,,39,,False,,False,,False,,0.0,,0.0,,homme,,0,,homme solo,False,0
553,True,,40,,True,,False,,False,,0.0,,10623.0,,homme,,0,,homme solo,False,0
554,True,,40,,True,,False,,False,,0.0,,48064.0,,homme,,0,,homme solo,False,0
555,True,,40,,True,,False,,False,,0.0,,28670.0,,homme,,0,,homme solo,False,0
556,True,,40,,True,,False,,False,,0.0,,20135.0,,homme,,0,,homme solo,False,0
557,True,,41,,True,,False,,True,,0.0,,15287.0,,homme,,0,,homme solo,False,0
558,True,,41,,True,,False,,False,,0.0,,21155.0,,homme,,0,,homme solo,False,0
559,False,,41,,False,,False,,False,,0.0,,0.0,,homme,,0,,homme solo,False,0
560,False,,42,,False,,False,,False,,0.0,,0.0,,homme,,3,,homme solo,False,0
561,True,,42,,True,,False,,False,,0.0,,35482.0,,homme,,0,,homme solo,False,0
562,True,,42,,False,,False,,False,,0.0,,0.0,,homme,,3,,homme solo,False,0
563,True,,43,,True,,False,,True,,0.0,,77987.0,,homme,,0,,homme solo,False,0
564,True,,43,,True,,False,,False,,0.0,,24351.0,,homme,,0,,homme solo,False,0
565,True,,43,,True,,False,,False,,0.0,,89722.0,,homme,,0,,homme solo,False,0
566,True,,44,,True,,False,,False,,0.0,,19204.0,,homme,,0,,homme solo,False,0
567,True,,44,,True,,False,,False,,0.0,,7220.0,,homme,,3,,homme solo,False,0
568,True,,44,,True,,False,,False,,0.0,,22649.0,,homme,,0,,homme solo,False,0
569,True,,44,,True,,False,,False,,0.0,,19943.0,,homme,,0,,homme solo,False,0
570,True,,45,,True,,False,,False,,0.0,,36161.0,,homme,,0,,homme solo,False,0
571,False,,45,,False,,False,,False,,0.0,,0.0,,homme,,3,,homme solo,False,0
572,False,,45,,False,,False,,False,,0.0,,0.0,,homme,,0,,homme solo,False,0
573,True,,45,,True,,False,,False,,0.0,,24234.0,,homme,,3,,homme solo,False,0
574,True,,45,,True,,False,,False,,0.0,,29283.0,,homme,,0,,homme solo,False,0
575,True,,46,,True,,False,,False,,0.0,,20728.0,,homme,,0,,homme solo,False,0
576,True,,47,,True,,False,,False,,0.0,,19650.0,,homme,,0,,homme solo,False,0
577,True,,47,,False,,False,,False,,0.0,,0.0,,homme,,0,,homme solo,False,0
578,True,,48,,True,,False,,False,,0.0,,20523.0,,homme,,0,,homme solo,False,0
579,False,,48,,False,,False,,False,,0.0,,0.0,,homme,,0,,homme solo,False,0
580,False,,48,,False,,False,,False,,0.0,,0.0,,homme,,3,,homme solo,False,0
581,True,,49,,True,,False,,False,,0.0,,18802.0,,homme,,0,,homme solo,False,0
582,True,,49,,True,,False,,False,,0.0,,9486.0,,homme,,0,,homme solo,False,0
583,True,,49,,False,,False,,False,,0.0,,0.0,,homme,,3,,homme solo,False,0
584,True,,49,,True,,False,,True,,0.0,,21285.0,,homme,,0,,homme solo,False,0
585,True,,50,,True,,False,,False,,0.0,,95045.0,,homme,,3,,homme solo,False,0
586,True,,50,,True,,False,,False,,0.0,,39068.0,,homme,,3,,homme solo,False,0
587,True,,51,,True,,False,,False,,0.0,,25863.0,,homme,,3,,homme solo,False,0
588,False,,51,,False,,False,,False,,0.0,,0.0,,homme,,0,,homme solo,False,0
589,False,,52,,False,,False,,False,,0.0,,0.0,,homme,,0,,homme solo,False,0
590,True,,52,,True,,False,,False,,0.0,,59176.0,,homme,,0,,homme solo,False,0
591,False,,53,,False,,False,,False,,0.0,,0.0,,homme,,0,,homme solo,False,0
592,True,,53,,True,,False,,False,,0.0,,22909.0,,homme,,3,,homme solo,False,0
593,True,,53,,True,,False,,False,,0.0,,40504.0,,homme,,3,,homme solo,False,0
594,True,,53,,True,,False,,False,,0.0,,54610.0,,homme,,0,,homme solo,False,0
595,False,,54,,False,,False,,False,,0.0,,0.0,,homme,,3,,homme solo,False,0
596,False,,54,,False,,False,,False,,0.0,,0.0,,homme,,0,,homme solo,False,0
597,True,,54,,True,,False,,False,,0.0,,25265.0,,homme,,3,,homme solo,False,0
598,True,,55,,True,,False,,False,,0.0,,5543.0,,homme,,3,,homme solo,False,0
599,True,,55,,True,,False,,False,,0.0,,34616.0,,homme,,0,,homme solo,False,0
600,False,,55,,False,,False,,False,,0.0,,0.0,,homme,,0,,homme solo,False,0
601,True,,56,,True,,False,,False,,0.0,,30020.0,,homme,,0,,homme solo,False,0
602,True,,56,,True,,False,,False,,0.0,,52500.0,,homme,,0,,homme solo,False,0
603,True,,57,,True,,False,,False,,0.0,,19965.0,,homme,,0,,homme solo,False,0
604,False,,58,,False,,False,,False,,0.0,,0.0,,homme,,2,,homme solo,False,0
605,False,,59,,False,,False,,False,,0.0,,0.0,,homme,,0,,homme solo,False,0
606,False,,59,,False,,False,,False,,0.0,,0.0,,homme,,0,,homme solo,False,0
607,False,,60,,False,,False,,False,,0.0,,0.0,,homme,,0,,homme solo,False,0
608,True,,61,,True,,False,,False,,0.0,,44809.0,,homme,,2,,homme solo,False,0
609,True,,62,,True,,False,,False,,0.0,,16787.0,,homme,,3,,homme solo,False,0
610,True,,62,,True,,False,,False,,0.0,,16908.0,,homme,,3,,homme solo,False,0
611,False,,62,,False,,False,,False,,0.0,,0.0,,homme,,0,,homme solo,False,0
612,False,,62,,False,,False,,True,,0.0,,0.0,,homme,,3,,homme solo,False,0
613,True,,63,,True,,False,,False,,0.0,,59715.0,,homme,,0,,homme solo,False,0
614,False,,63,,False,,False,,False,,0.0,,0.0,,homme,,2,,homme solo,False,0
615,True,,64,,True,,False,,False,,0.0,,19869.0,,homme,,0,,homme solo,False,0
616,False,,66,,False,,False,,False,,1797.0,,0.0,,homme,,3,,homme solo,False,0
617,False,,66,,False,,False,,False,,1797.0,,0.0,,homme,,3,,homme solo,True,1
618,False,,67,,False,,False,,False,,1797.0,,0.0,,homme,,3,,homme solo,False,0
619,False,,67,,False,,False,,False,,1797.0,,0.0,,homme,,0,,homme solo,False,0
620,False,,67,,False,,False,,False,,1797.0,,0.0,,homme,,3,,homme solo,False,0
621,False,,69,,False,,False,,False,,1797.0,,0.0,,homme,,2,,homme solo,False,0
622,False,,71,,False,,False,,False,,1713.0,,0.0,,homme,,3,,homme solo,False,0
623,False,,71,,False,,False,,False,,1713.0,,0.0,,homme,,3,,homme solo,False,0
624,False,,72,,False,,False,,False,,1713.0,,0.0,,homme,,0,,homme solo,False,0
625,False,,72,,False,,False,,False,,1713.0,,0.0,,homme,,0,,homme solo,False,0
626,False,,75,,False,,False,,False,,1626.0,,0.0,,homme,,2,,homme solo,True,1
627,False,,76,,False,,False,,False,,1626.0,,0.0,,homme,,0,,homme solo,False,0
628,False,,79,,False,,False,,False,,1626.0,,0.0,,homme,,2,,homme solo,False,0
629,False,,81,,False,,False,,False,,1623.0,,0.0,,homme,,2,,homme solo,False,0
630,False,,81,,False,,False,,False,,1623.0,,0.0,,homme,,0,,homme solo,False,0
631,False,,82,,False,,False,,False,,1623.0,,0.0,,homme,,2,,homme solo,False,0
632,False,,85,,False,,False,,False,,1687.0,,0.0,,homme,,2,,homme solo,False,0
633,False,,88,,False,,False,,False,,1687.0,,0.0,,homme,,2,,homme solo,False,0
634,False,,90,,False,,False,,False,,1687.0,,0.0,,homme,,2,,homme solo,False,0
