,sexe,age,activite,emploi,salaire,retraite,etudes,handicap,statut_marital
0,femme,0,False,False,0.0,0.0,True,False,0
1,femme,0,False,False,0.0,0.0,True,False,0
2,femme,0,False,False,0.0,0.0,True,False,0
3,femme,0,False,False,0.0,0.0,True,False,0
4,femme,0,False,False,0.0,0.0,True,False,0
5,femme,0,False,False,0.0,0.0,True,False,0
6,femme,1,False,False,0.0,0.0,True,False,0
7,femme,1,False,False,0.0,0.0,True,False,0
8,femme,1,False,False,0.0,0.0,True,False,0
9,femme,1,False,False,0.0,0.0,True,False,0
10,femme,1,False,False,0.0,0.0,True,False,0
11,femme,1,False,False,0.0,0.0,True,False,0
12,femme,2,False,False,0.0,0.0,True,False,0
13,femme,2,False,False,0.0,0.0,True,False,0
14,femme,2,False,False,0.0,0.0,True,False,0
15,femme,2,False,False,0.0,0.0,True,False,0
16,femme,2,False,False,0.0,0.0,True,False,0
17,femme,2,False,False,0.0,0.0,True,True,0
18,femme,3,False,False,0.0,0.0,True,False,0
19,femme,3,False,False,0.0,0.0,True,False,0
20,femme,3,False,False,0.0,0.0,True,False,0
21,femme,3,False,False,0.0,0.0,True,False,0
22,femme,3,False,False,0.0,0.0,True,False,0
23,femme,3,False,False,0.0,0.0,True,False,0
24,femme,4,False,False,0.0,0.0,True,False,0
25,femme,4,False,False,0.0,0.0,True,False,0
26,femme,4,False,False,0.0,0.0,True,False,0
27,femme,4,False,False,0.0,0.0,True,False,0
28,femme,4,False,False,0.0,0.0,True,False,0
29,femme,4,False,False,0.0,0.0,True,False,0
30,femme,5,False,False,0.0,0.0,True,False,0
31,femme,5,False,False,0.0,0.0,True,False,0
32,femme,5,False,False,0.0,0.0,True,False,0
33,femme,5,False,False,0.0,0.0,True,False,0
34,femme,5,False,False,0.0,0.0,True,False,0
35,femme,5,False,False,0.0,0.0,True,False,0
36,femme,6,False,False,0.0,0.0,True,False,0
37,femme,6,False,False,0.0,0.0,True,False,0
38,femme,6,False,False,0.0,0.0,True,False,0
39,femme,6,False,False,0.0,0.0,True,False,0
40,femme,6,False,False,0.0,0.0,True,False,0
41,femme,6,False,False,0.0,0.0,True,False,0
42,femme,7,False,False,0.0,0.0,True,False,0
43,femme,7,False,False,0.0,0.0,True,False,0
44,femme,7,False,False,0.0,0.0,True,False,0
45,femme,7,False,False,0.0,0.0,True,False,0
46,femme,7,False,False,0.0,0.0,True,False,0
47,femme,7,False,False,0.0,0.0,True,False,0
48,femme,8,False,False,0.0,0.0,True,False,0
49,femme,8,False,False,0.0,0.0,True,False,0
50,femme,8,False,False,0.0,0.0,True,False,0
51,femme,8,False,False,0.0,0.0,True,False,0
52,femme,8,False,False,0.0,0.0,True,False,0
53,femme,8,False,False,0.0,0.0,True,False,0
54,femme,9,False,False,0.0,0.0,True,False,0
55,femme,9,False,False,0.0,0.0,True,False,0
56,femme,9,False,False,0.0,0.0,True,False,0
57,femme,9,False,False,0.0,0.0,True,False,0
58,femme,9,False,False,0.0,0.0,True,False,0
59,femme,9,False,False,0.0,0.0,True,False,0
60,femme,10,False,False,0.0,0.0,True,False,0
61,femme,10,False,False,0.0,0.0,True,False,0
62,femme,10,False,False,0.0,0.0,True,False,0
63,femme,10,False,False,0.0,0.0,True,False,0
64,femme,10,False,False,0.0,0.0,True,False,0
65,femme,10,False,False,0.0,0.0,True,False,0
66,femme,11,False,False,0.0,0.0,True,False,0
67,femme,11,False,False,0.0,0.0,True,False,0
68,femme,11,False,False,0.0,0.0,True,False,0
69,femme,11,False,False,0.0,0.0,True,False,0
70,femme,11,False,False,0.0,0.0,True,False,0
71,femme,11,False,False,0.0,0.0,True,False,0
72,femme,12,False,False,0.0,0.0,True,False,0
73,femme,12,False,False,0.0,0.0,True,False,0
74,femme,12,False,False,0.0,0.0,True,False,0
75,femme,12,False,False,0.0,0.0,True,False,0
76,femme,12,False,False,0.0,0.0,True,False,0
77,femme,12,False,False,0.0,0.0,True,False,0
78,femme,13,False,False,0.0,0.0,True,False,0
79,femme,13,False,False,0.0,0.0,True,False,0
80,femme,13,False,False,0.0,0.0,True,False,0
81,femme,13,False,False,0.0,0.0,True,False,0
82,femme,13,False,False,0.0,0.0,True,False,0
83,femme,13,False,False,0.0,0.0,True,False,0
84,femme,14,False,False,0.0,0.0,True,False,0
85,femme,14,False,False,0.0,0.0,True,False,0
86,femme,14,False,False,0.0,0.0,True,False,0
87,femme,14,False,False,0.0,0.0,True,False,0
88,femme,14,False,False,0.0,0.0,True,False,0
89,femme,14,False,False,0.0,0.0,True,False,0
90,femme,15,False,False,0.0,0.0,True,False,0
91,femme,15,False,False,0.0,0.0,True,False,0
92,femme,15,False,False,0.0,0.0,True,False,0
93,femme,15,False,False,0.0,0.0,True,False,0
94,femme,15,True,True,13670.0,0.0,True,False,0
95,femme,15,False,False,0.0,0.0,True,False,0
96,femme,16,False,False,0.0,0.0,True,False,0
97,femme,16,True,True,6180.0,0.0,True,False,0
98,femme,16,False,False,0.0,0.0,True,False,0
99,femme,16,False,False,0.0,0.0,True,False,0
100,femme,16,False,False,0.0,0.0,True,False,0
101,femme,16,False,False,0.0,0.0,True,False,0
102,femme,17,True,True,15234.0,0.0,True,False,0
103,femme,17,True,False,0.0,0.0,True,False,0
104,femme,17,True,False,0.0,0.0,True,False,0
105,femme,17,False,False,0.0,0.0,True,False,0
106,femme,17,False,False,0.0,0.0,True,False,0
107,femme,17,False,False,0.0,0.0,True,False,0
108,femme,18,True,True,7879.0,0.0,True,False,0
109,femme,18,True,True,4022.0,0.0,True,False,0
110,femme,18,False,False,0.0,0.0,True,False,0
111,femme,18,True,True,6002.0,0.0,True,False,0
112,femme,18,True,True,6101.0,0.0,True,False,0
113,femme,18,False,False,0.0,0.0,False,False,0
114,femme,19,False,False,0.0,0.0,True,False,0
115,femme,19,False,False,0.0,0.0,True,False,0
116,femme,19,False,False,0.0,0.0,True,False,0
117,femme,19,True,True,18096.0,0.0,True,False,0
118,femme,19,False,False,0.0,0.0,False,False,0
119,femme,19,False,False,0.0,0.0,False,False,0
120,femme,20,False,False,0.0,0.0,False,False,0
121,femme,20,False,False,0.0,0.0,False,False,0
122,femme,20,False,False,0.0,0.0,True,False,0
123,femme,20,True,False,0.0,0.0,True,False,0
124,femme,20,False,False,0.0,0.0,True,False,0
125,femme,20,False,False,0.0,0.0,False,False,0
126,femme,21,False,False,0.0,0.0,False,False,0
127,femme,21,False,False,0.0,0.0,False,False,0
128,femme,21,False,False,0.0,0.0,True,False,0
129,femme,21,True,True,7490.0,0.0,False,False,0
130,femme,21,False,False,0.0,0.0,True,False,0
131,femme,22,False,False,0.0,0.0,False,False,0
132,femme,22,False,False,0.0,0.0,False,False,0
133,femme,22,True,True,11354.0,0.0,False,False,0
134,femme,22,True,True,3664.0,0.0,False,False,0
135,femme,22,False,False,0.0,0.0,False,False,0
136,femme,23,True,True,3135.0,0.0,False,False,0
137,femme,23,False,False,0.0,0.0,True,False,0
138,femme,23,False,False,0.0,0.0,True,False,0
139,femme,23,True,True,13499.0,0.0,False,False,0
140,femme,23,False,False,0.0,0.0,True,False,0
141,femme,23,False,False,0.0,0.0,False,False,0
142,femme,24,True,True,6093.0,0.0,True,False,0
143,femme,24,True,True,15420.0,0.0,True,False,0
144,femme,24,False,False,0.0,0.0,False,False,0
145,femme,24,False,False,0.0,0.0,False,False,0
146,femme,24,False,False,0.0,0.0,True,False,0
147,femme,24,False,False,0.0,0.0,False,False,0
148,femme,25,True,True,11231.0,0.0,False,False,0
149,femme,25,True,True,13509.0,0.0,False,True,0
150,femme,25,True,True,6613.0,0.0,True,False,0
151,femme,25,True,True,21511.0,0.0,False,False,0
152,femme,25,True,True,13994.0,0.0,False,False,0
153,femme,25,False,False,0.0,0.0,False,False,0
154,femme,26,False,False,0.0,0.0,False,False,0
155,femme,26,True,True,23374.0,0.0,False,False,0
156,femme,26,True,True,22909.0,0.0,False,False,0
157,femme,26,False,False,0.0,0.0,False,False,0
158,femme,26,True,True,15214.0,0.0,False,False,0
159,femme,26,False,False,0.0,0.0,False,False,0
160,femme,27,True,True,2230.0,0.0,False,False,0
161,femme,27,True,False,0.0,0.0,False,False,0
162,femme,27,True,True,11182.0,0.0,False,False,0
163,femme,27,True,True,22488.0,0.0,False,False,1
164,femme,27,True,True,17418.0,0.0,False,False,1
165,femme,27,True,True,16464.0,0.0,False,False,1
166,femme,28,False,False,0.0,0.0,False,False,0
167,femme,28,True,True,10450.0,0.0,False,False,1
168,femme,28,True,True,17986.0,0.0,False,False,0
169,femme,28,True,True,22025.0,0.0,False,False,1
170,femme,28,False,False,0.0,0.0,False,False,0
171,femme,28,True,True,11301.0,0.0,False,False,0
172,femme,29,True,True,20034.0,0.0,False,False,1
173,femme,29,True,True,20588.0,0.0,False,False,0
174,femme,29,True,True,31600.0,0.0,False,False,0
175,femme,29,True,True,7791.0,0.0,False,False,0
176,femme,29,True,True,16448.0,0.0,False,False,0
177,femme,29,False,False,0.0,0.0,False,False,0
178,femme,30,True,True,37990.0,0.0,False,False,0
179,femme,30,True,True,24594.0,0.0,False,False,1
180,femme,30,True,True,23474.0,0.0,False,False,0
181,femme,30,True,True,19078.0,0.0,False,False,0
182,femme,30,True,True,26600.0,0.0,False,False,1
183,femme,30,True,True,4987.0,0.0,False,False,0
184,femme,31,True,True,20850.0,0.0,False,False,0
185,femme,31,True,True,13807.0,0.0,False,False,0
186,femme,31,True,True,954.0,0.0,False,False,0
187,femme,31,True,True,36116.0,0.0,False,False,1
188,femme,31,False,False,0.0,0.0,False,False,0
189,femme,31,True,True,17923.0,0.0,False,False,0
190,femme,32,True,True,5946.0,0.0,False,False,0
191,femme,32,True,True,20652.0,0.0,False,False,1
192,femme,32,True,True,16782.0,0.0,False,False,0
193,femme,32,True,True,35820.0,0.0,False,False,0
194,femme,32,True,True,13886.0,0.0,False,False,0
195,femme,32,True,False,0.0,0.0,False,False,1
196,femme,33,False,False,0.0,0.0,False,False,0
197,femme,33,True,True,18481.0,0.0,False,False,1
198,femme,33,False,False,0.0,0.0,False,False,0
199,femme,33,True,True,26225.0,0.0,False,False,1
200,femme,33,False,False,0.0,0.0,False,False,1
201,femme,33,False,False,0.0,0.0,False,False,1
202,femme,34,True,True,32146.0,0.0,False,False,0
203,femme,34,True,False,0.0,0.0,False,False,1
204,femme,34,True,True,16751.0,0.0,False,False,0
205,femme,34,True,True,28708.0,0.0,False,False,1
206,femme,34,True,True,21165.0,0.0,False,False,0
207,femme,34,False,False,0.0,0.0,False,False,0
208,femme,34,True,True,2316.0,0.0,False,False,0
209,femme,35,True,True,3709.0,0.0,False,False,0
210,femme,35,False,False,0.0,0.0,False,False,0
211,femme,35,True,True,19024.0,0.0,False,False,1
212,femme,35,False,False,0.0,0.0,False,False,3
213,femme,35,True,True,20168.0,0.0,False,False,0
214,femme,35,False,False,0.0,0.0,False,False,1
215,femme,35,True,True,15501.0,0.0,False,False,1
216,femme,36,True,True,19976.0,0.0,False,False,0
217,femme,36,True,True,26168.0,0.0,False,False,3
218,femme,36,True,True,26254.0,0.0,False,False,2
219,femme,36,True,True,18210.0,0.0,False,False,1
220,femme,36,True,True,15632.0,0.0,False,False,1
221,femme,36,True,True,1285.0,0.0,False,False,0
222,femme,37,True,True,22647.0,0.0,False,False,1
223,femme,37,False,False,0.0,0.0,False,False,3
224,femme,37,False,False,0.0,0.0,False,False,3
225,femme,37,True,True,21445.0,0.0,False,False,0
226,femme,37,False,False,0.0,0.0,False,False,0
227,femme,37,False,False,0.0,0.0,False,False,0
228,femme,38,True,False,0.0,0.0,False,False,1
229,femme,38,True,True,21746.0,0.0,False,False,0
230,femme,38,True,True,28983.0,0.0,False,False,0
231,femme,38,False,False,0.0,0.0,False,False,0
232,femme,38,True,True,23723.0,0.0,False,False,1
233,femme,38,True,True,2030.0,0.0,False,False,1
234,femme,39,True,True,8536.0,0.0,False,False,0
235,femme,39,False,False,0.0,0.0,False,False,3
236,femme,39,False,False,0.0,0.0,False,False,1
237,femme,39,True,False,0.0,0.0,False,False,1
238,femme,39,True,True,20051.0,0.0,False,False,1
239,femme,39,True,True,6534.0,0.0,False,False,1
240,femme,40,True,True,22389.0,0.0,False,False,0
241,femme,40,True,False,0.0,0.0,False,False,3
242,femme,40,True,False,0.0,0.0,False,False,0
243,femme,40,True,False,0.0,0.0,False,False,0
244,femme,40,True,True,3681.0,0.0,False,False,1
245,femme,40,True,True,21170.0,0.0,False,False,1
246,femme,41,True,True,31487.0,0.0,False,False,1
247,femme,41,False,False,0.0,0.0,False,False,1
248,femme,41,False,False,0.0,0.0,False,False,1
249,femme,41,True,True,34285.0,0.0,False,False,3
250,femme,41,True,True,9842.0,0.0,False,False,0
251,femme,41,True,True,56796.0,0.0,False,False,0
252,femme,41,True,True,24155.0,0.0,False,False,1
253,femme,42,True,True,12929.0,0.0,False,False,1
254,femme,42,True,True,15242.0,0.0,False,False,1
255,femme,42,False,False,0.0,0.0,False,False,1
256,femme,42,True,True,15816.0,0.0,False,False,1
257,femme,42,True,True,43232.0,0.0,False,False,1
258,femme,42,False,False,0.0,0.0,False,False,1
259,femme,42,True,True,17834.0,0.0,False,False,1
260,femme,43,False,False,0.0,0.0,False,False,0
261,femme,43,False,False,0.0,0.0,False,False,1
262,femme,43,True,True,19003.0,0.0,False,True,1
263,femme,43,True,True,23590.0,0.0,False,False,1
264,femme,43,True,True,21522.0,0.0,False,False,1
265,femme,43,True,True,15069.0,0.0,False,False,1
266,femme,43,True,True,30540.0,0.0,False,False,3
267,femme,44,True,True,17340.0,0.0,False,False,0
268,femme,44,False,False,0.0,0.0,False,False,1
269,femme,44,True,True,13928.0,0.0,False,True,1
270,femme,44,True,False,0.0,0.0,False,False,1
271,femme,44,True,True,18179.0,0.0,False,False,0
272,femme,44,False,False,0.0,0.0,False,False,1
273,femme,44,True,True,45296.0,0.0,False,False,1
274,femme,45,False,False,0.0,0.0,False,False,0
275,femme,45,True,True,19664.0,0.0,False,False,1
276,femme,45,True,True,2394.0,0.0,False,False,1
277,femme,45,True,True,20211.0,0.0,False,False,0
278,femme,45,True,True,9314.0,0.0,False,False,1
279,femme,45,True,True,4394.0,0.0,False,False,1
280,femme,45,False,False,0.0,0.0,False,False,0
281,femme,46,True,True,34667.0,0.0,False,False,0
282,femme,46,True,True,16473.0,0.0,False,False,1
283,femme,46,True,True,20782.0,0.0,False,False,1
284,femme,46,False,False,0.0,0.0,False,True,1
285,femme,46,False,False,0.0,0.0,False,False,1
286,femme,46,False,False,0.0,0.0,False,False,2
287,femme,46,True,False,0.0,0.0,False,False,1
288,femme,47,True,True,9884.0,0.0,False,False,1
289,femme,47,True,True,37503.0,0.0,False,True,1
290,femme,47,True,True,19773.0,0.0,False,False,0
291,femme,47,True,False,0.0,0.0,False,False,1
292,femme,47,True,True,11159.0,0.0,False,False,1
293,femme,47,False,False,0.0,0.0,False,False,1
294,femme,47,True,True,59687.0,0.0,False,False,0
295,femme,48,True,True,32263.0,0.0,False,False,1
296,femme,48,True,True,7.0,0.0,False,False,0
297,femme,48,True,True,24971.0,0.0,False,False,3
298,femme,48,False,False,0.0,0.0,False,False,1
299,femme,48,False,False,0.0,0.0,False,False,1
300,femme,48,True,True,15956.0,0.0,False,True,1
301,femme,48,True,True,21948.0,0.0,False,False,0
302,femme,49,True,True,8968.0,0.0,False,False,0
303,femme,49,False,False,0.0,0.0,False,False,3
304,femme,49,True,False,0.0,0.0,False,False,1
305,femme,49,True,True,16125.0,0.0,False,False,1
306,femme,49,True,False,0.0,0.0,False,False,3
307,femme,49,True,True,2105.0,0.0,False,False,3
308,femme,49,True,True,17521.0,0.0,False,False,3
309,femme,50,True,True,17879.0,0.0,False,False,1
310,femme,50,True,True,30918.0,0.0,False,False,1
311,femme,50,True,True,3777.0,0.0,False,False,0
312,femme,50,True,True,13452.0,0.0,False,False,1
313,femme,50,True,False,0.0,0.0,False,False,0
314,femme,50,True,True,30039.0,0.0,False,False,1
315,femme,50,False,False,0.0,0.0,False,False,3
316,femme,51,True,True,16400.0,0.0,False,False,1
317,femme,51,True,True,16848.0,0.0,False,False,1
318,femme,51,True,True,3113.0,0.0,False,False,0
319,femme,51,True,True,8903.0,0.0,False,False,1
320,femme,51,True,True,18726.0,0.0,False,False,1
321,femme,51,True,True,38298.0,0.0,False,False,1
322,femme,51,True,True,29379.0,0.0,False,False,0
323,femme,52,True,True,27675.0,0.0,False,False,3
324,femme,52,True,True,6022.0,0.0,False,False,3
325,femme,52,True,True,20987.0,0.0,False,False,1
326,femme,52,False,False,0.0,0.0,False,False,1
327,femme,52,True,True,17909.0,0.0,False,False,1
328,femme,52,False,False,0.0,0.0,False,False,1
329,femme,52,True,True,24174.0,0.0,False,False,3
330,femme,53,True,True,11333.0,0.0,False,False,0
331,femme,53,False,False,0.0,0.0,False,False,1
332,femme,53,False,False,0.0,0.0,False,False,3
333,femme,53,False,False,0.0,0.0,False,False,1
334,femme,53,True,False,0.0,0.0,False,False,1
335,femme,53,False,False,0.0,0.0,False,False,3
336,femme,53,False,False,0.0,0.0,False,False,0
337,femme,54,True,True,17761.0,0.0,False,False,0
338,femme,54,False,False,0.0,0.0,False,False,1
339,femme,54,True,True,50130.0,0.0,False,False,1
340,femme,54,True,False,0.0,0.0,False,False,0
341,femme,54,True,True,4651.0,0.0,False,False,1
342,femme,54,True,True,35094.0,0.0,False,False,0
343,femme,54,False,False,0.0,0.0,False,False,1
344,femme,55,False,False,0.0,0.0,False,False,3
345,femme,55,True,True,11611.0,0.0,False,False,2
346,femme,55,False,False,0.0,0.0,False,False,1
347,femme,55,False,False,0.0,0.0,False,False,1
348,femme,55,True,True,32845.0,0.0,False,False,1
349,femme,55,True,True,32090.0,0.0,False,False,1
350,femme,55,False,False,0.0,0.0,False,False,3
351,femme,56,True,True,30289.0,0.0,False,False,0
352,femme,56,False,False,0.0,0.0,False,False,1
353,femme,56,True,True,24384.0,0.0,False,False,1
354,femme,56,True,True,9327.0,0.0,False,False,0
355,femme,56,True,True,20134.0,0.0,False,False,0
356,femme,56,True,True,37982.0,0.0,False,True,1
357,femme,56,True,True,1535.0,0.0,False,False,3
358,femme,57,True,True,14487.0,0.0,False,False,0
359,femme,57,False,False,0.0,0.0,False,False,1
360,femme,57,True,True,12092.0,0.0,False,False,1
361,femme,57,True,True,34660.0,0.0,False,False,3
362,femme,57,False,False,0.0,0.0,False,False,1
363,femme,57,True,True,14187.0,0.0,False,True,1
364,femme,57,False,False,0.0,0.0,False,False,3
365,femme,58,True,True,6578.0,0.0,False,False,0
366,femme,58,True,True,22492.0,0.0,False,False,1
367,femme,58,True,True,29346.0,0.0,False,False,1
368,femme,58,True,True,37302.0,0.0,False,False,1
369,femme,58,True,True,42213.0,0.0,False,False,0
370,femme,58,False,False,0.0,0.0,False,True,1
371,femme,58,False,False,0.0,0.0,False,False,3
372,femme,59,True,True,35058.0,0.0,False,False,2
373,femme,59,True,True,11495.0,0.0,False,False,1
374,femme,59,True,True,33349.0,0.0,False,False,0
375,femme,59,False,False,0.0,0.0,False,False,1
376,femme,59,True,True,21682.0,0.0,False,False,1
377,femme,59,True,True,95145.0,0.0,False,False,1
378,femme,60,False,False,0.0,0.0,False,False,1
379,femme,60,True,True,16790.0,0.0,False,True,1
380,femme,60,True,True,12002.0,0.0,False,False,3
381,femme,60,True,True,14580.0,0.0,False,False,3
382,femme,60,True,True,1903.0,0.0,False,False,3
383,femme,60,True,True,1164.0,0.0,False,False,2
384,femme,61,False,False,0.0,0.0,False,False,1
385,femme,61,True,True,25358.0,0.0,False,False,1
386,femme,61,True,True,25885.0,0.0,False,False,1
387,femme,61,True,True,4611.0,0.0,False,False,1
388,femme,61,False,False,0.0,0.0,False,False,1
389,femme,61,True,True,23830.0,0.0,False,False,1
390,femme,62,False,False,0.0,0.0,False,False,2
391,femme,62,False,False,0.0,0.0,False,False,1
392,femme,62,True,True,5074.0,0.0,False,False,3
393,femme,62,True,True,5359.0,0.0,False,False,3
394,femme,62,True,False,0.0,0.0,False,False,1
395,femme,62,True,True,12433.0,0.0,False,False,1
396,femme,63,True,True,47234.0,0.0,False,False,2
397,femme,63,True,True,38769.0,0.0,False,False,2
398,femme,63,True,True,10699.0,0.0,False,False,1
399,femme,63,True,True,22484.0,0.0,False,False,1
400,femme,63,True,False,0.0,0.0,False,False,1
401,femme,63,False,False,0.0,0.0,False,False,1
402,femme,64,True,False,0.0,0.0,False,False,1
403,femme,64,True,True,4529.0,0.0,False,False,1
404,femme,64,True,True,9051.0,0.0,False,False,1
405,femme,64,True,True,8841.0,0.0,False,False,1
406,femme,64,False,False,0.0,0.0,False,False,1
407,femme,64,False,False,0.0,0.0,False,False,1
408,femme,65,False,False,0.0,1259.0,False,False,2
409,femme,65,False,False,0.0,1259.0,False,False,1
410,femme,65,False,False,0.0,1259.0,False,False,0
411,femme,65,False,False,0.0,1259.0,False,False,1
412,femme,65,False,False,0.0,1259.0,False,False,2
413,femme,65,False,False,0.0,1259.0,False,False,0
414,femme,66,False,False,0.0,1259.0,False,False,0
415,femme,66,False,False,0.0,1259.0,False,False,1
416,femme,66,False,False,0.0,1259.0,False,False,1
417,femme,66,False,False,0.0,1259.0,False,False,1
418,femme,66,False,False,0.0,1259.0,False,False,1
419,femme,66,False,False,0.0,1259.0,False,False,2
420,femme,67,False,False,0.0,1259.0,False,False,2
421,femme,67,False,False,0.0,1259.0,False,False,1
422,femme,67,False,False,0.0,1259.0,False,False,1
423,femme,67,False,False,0.0,1259.0,False,False,1
424,femme,67,False,False,0.0,1259.0,False,False,1
425,femme,67,False,False,0.0,1259.0,False,False,1
426,femme,68,False,False,0.0,1259.0,False,False,0
427,femme,68,False,False,0.0,1259.0,False,False,2
428,femme,68,False,False,0.0,1259.0,False,False,3
429,femme,68,False,False,0.0,1259.0,False,False,1
430,femme,68,False,False,0.0,1259.0,False,False,1
431,femme,68,False,False,0.0,1259.0,False,False,1
432,femme,69,False,False,0.0,1259.0,False,False,1
433,femme,69,False,False,0.0,1259.0,False,False,3
434,femme,69,False,False,0.0,1259.0,False,False,1
435,femme,69,False,False,0.0,1259.0,False,False,1
436,femme,69,False,False,0.0,1259.0,False,False,0
437,femme,69,False,False,0.0,1259.0,False,False,3
438,femme,70,False,False,0.0,1212.0,False,False,1
439,femme,70,False,False,0.0,1212.0,False,False,1
440,femme,70,False,False,0.0,1212.0,False,False,0
441,femme,70,False,False,0.0,1212.0,False,False,1
442,femme,71,False,False,0.0,1212.0,False,False,1
443,femme,71,False,False,0.0,1212.0,False,False,2
444,femme,71,False,False,0.0,1212.0,False,False,1
445,femme,71,False,False,0.0,1212.0,False,False,0
446,femme,72,False,False,0.0,1212.0,False,False,2
447,femme,72,False,False,0.0,1212.0,False,False,1
448,femme,72,False,False,0.0,1212.0,False,False,1
449,femme,72,False,False,0.0,1212.0,False,False,3
450,femme,73,False,False,0.0,1212.0,False,False,1
451,femme,73,False,False,0.0,1212.0,False,False,0
452,femme,73,False,False,0.0,1212.0,False,False,3
453,femme,73,False,False,0.0,1212.0,False,False,1
454,femme,74,False,False,0.0,1212.0,False,False,1
455,femme,74,False,False,0.0,1212.0,False,False,1
456,femme,74,False,False,0.0,1212.0,False,False,1
457,femme,75,False,False,0.0,1173.0,False,False,1
458,femme,75,False,False,0.0,1173.0,False,False,2
459,femme,75,False,False,0.0,1173.0,False,False,1
460,femme,75,False,False,0.0,1173.0,False,False,1
461,femme,76,False,False,0.0,1173.0,False,False,3
462,femme,76,False,False,0.0,1173.0,False,False,2
463,femme,76,False,False,0.0,1173.0,False,False,3
464,femme,76,False,False,0.0,1173.0,False,False,2
465,femme,77,False,False,0.0,1173.0,False,False,2
466,femme,77,False,False,0.0,1173.0,False,False,1
467,femme,77,False,False,0.0,1173.0,False,False,2
468,femme,77,False,False,0.0,1173.0,False,False,2
469,femme,78,False,False,0.0,1173.0,False,False,1
470,femme,78,False,False,0.0,1173.0,False,False,2
471,femme,78,False,False,0.0,1173.0,False,False,3
472,femme,78,False,False,0.0,1173.0,False,False,1
473,femme,79,False,False,0.0,1173.0,False,False,2
474,femme,79,False,False,0.0,1173.0,False,False,1
475,femme,79,False,False,0.0,1173.0,False,False,2
476,femme,79,False,False,0.0,1173.0,False,False,2
477,femme,80,False,False,0.0,1225.0,False,False,2
478,femme,80,False,False,0.0,1225.0,False,False,2
479,femme,80,False,False,0.0,1225.0,False,False,1
480,femme,80,True,False,0.0,0.0,False,False,1
481,femme,81,False,False,0.0,1225.0,False,False,1
482,femme,81,False,False,0.0,1225.0,False,False,2
483,femme,81,False,False,0.0,1225.0,False,False,1
484,femme,81,False,False,0.0,1225.0,False,False,3
485,femme,82,False,False,0.0,1225.0,False,False,1
486,femme,82,False,False,0.0,1225.0,False,False,2
487,femme,82,False,False,0.0,1225.0,False,False,1
488,femme,83,False,False,0.0,1225.0,False,False,2
489,femme,83,False,False,0.0,1225.0,False,False,2
490,femme,83,False,False,0.0,1225.0,False,False,1
491,femme,84,False,False,0.0,1225.0,False,False,2
492,femme,84,False,False,0.0,1225.0,False,False,1
493,femme,84,False,False,0.0,1225.0,False,False,1
494,femme,85,False,False,0.0,1330.0,False,False,2
495,femme,85,False,False,0.0,1330.0,False,False,2
496,femme,85,False,False,0.0,1330.0,False,False,3
497,femme,86,False,False,0.0,1330.0,False,False,2
498,femme,86,False,False,0.0,1330.0,False,False,2
499,femme,86,False,False,0.0,1330.0,False,False,2
500,femme,87,False,False,0.0,1330.0,False,False,2
501,femme,87,False,False,0.0,1330.0,False,False,2
502,femme,88,False,False,0.0,1330.0,False,False,1
503,femme,88,False,False,0.0,1330.0,False,False,2
504,femme,89,False,False,0.0,1330.0,False,False,2
505,femme,89,True,True,49620.0,0.0,False,False,1
506,femme,90,False,False,0.0,1330.0,False,False,1
507,femme,90,False,False,0.0,1330.0,False,False,2
508,femme,91,True,True,12053.0,0.0,False,False,2
509,femme,91,False,False,0.0,1330.0,False,False,2
510,femme,92,False,False,0.0,1330.0,False,False,2
511,femme,93,False,False,0.0,1330.0,False,False,2
512,femme,94,False,False,0.0,1330.0,False,False,0
513,femme,95,False,False,0.0,1330.0,False,False,2
514,homme,0,False,False,0.0,0.0,True,False,0
515,homme,0,False,False,0.0,0.0,True,False,0
516,homme,0,False,False,0.0,0.0,True,False,0
517,homme,0,False,False,0.0,0.0,True,False,0
518,homme,0,False,False,0.0,0.0,True,False,0
519,homme,0,False,False,0.0,0.0,True,False,0
520,homme,1,False,False,0.0,0.0,True,False,0
521,homme,1,False,False,0.0,0.0,True,False,0
522,homme,1,False,False,0.0,0.0,True,False,0
523,homme,1,False,False,0.0,0.0,True,False,0
524,homme,1,False,False,0.0,0.0,True,False,0
525,homme,1,False,False,0.0,0.0,True,False,0
526,homme,2,False,False,0.0,0.0,True,False,0
527,homme,2,False,False,0.0,0.0,True,False,0
528,homme,2,False,False,0.0,0.0,True,False,0
529,homme,2,False,False,0.0,0.0,True,False,0
530,homme,2,False,False,0.0,0.0,True,False,0
531,homme,2,False,False,0.0,0.0,True,False,0
532,homme,3,False,False,0.0,0.0,True,False,0
533,homme,3,False,False,0.0,0.0,True,False,0
534,homme,3,False,False,0.0,0.0,True,False,0
535,homme,3,False,False,0.0,0.0,True,False,0
536,homme,3,False,False,0.0,0.0,True,False,0
537,homme,3,False,False,0.0,0.0,True,False,0
538,homme,4,False,False,0.0,0.0,True,False,0
539,homme,4,False,False,0.0,0.0,True,False,0
540,homme,4,False,False,0.0,0.0,True,False,0
541,homme,4,False,False,0.0,0.0,True,False,0
542,homme,4,False,False,0.0,0.0,True,False,0
543,homme,4,False,False,0.0,0.0,True,False,0
544,homme,5,False,False,0.0,0.0,True,False,0
545,homme,5,False,False,0.0,0.0,True,False,0
546,homme,5,False,False,0.0,0.0,True,False,0
547,homme,5,False,False,0.0,0.0,True,False,0
548,homme,5,False,False,0.0,0.0,True,False,0
549,homme,5,False,False,0.0,0.0,True,False,0
550,homme,6,False,False,0.0,0.0,True,False,0
551,homme,6,False,False,0.0,0.0,True,False,0
552,homme,6,False,False,0.0,0.0,True,False,0
553,homme,6,False,False,0.0,0.0,True,False,0
554,homme,6,False,False,0.0,0.0,True,False,0
555,homme,6,False,False,0.0,0.0,True,False,0
556,homme,7,False,False,0.0,0.0,True,False,0
557,homme,7,False,False,0.0,0.0,True,False,0
558,homme,7,False,False,0.0,0.0,True,False,0
559,homme,7,False,False,0.0,0.0,True,False,0
560,homme,7,False,False,0.0,0.0,True,False,0
561,homme,7,False,False,0.0,0.0,True,False,0
562,homme,8,False,False,0.0,0.0,True,False,0
563,homme,8,False,False,0.0,0.0,True,False,0
564,homme,8,False,False,0.0,0.0,True,False,0
565,homme,8,False,False,0.0,0.0,True,False,0
566,homme,8,False,False,0.0,0.0,True,False,0
567,homme,8,False,False,0.0,0.0,True,False,0
568,homme,9,False,False,0.0,0.0,True,False,0
569,homme,9,False,False,0.0,0.0,True,False,0
570,homme,9,False,False,0.0,0.0,True,False,0
571,homme,9,False,False,0.0,0.0,True,False,0
572,homme,9,False,False,0.0,0.0,True,False,0
573,homme,9,False,False,0.0,0.0,True,False,0
574,homme,9,False,False,0.0,0.0,True,False,0
575,homme,10,False,False,0.0,0.0,True,False,0
576,homme,10,False,False,0.0,0.0,True,False,0
577,homme,10,False,False,0.0,0.0,True,False,0
578,homme,10,False,False,0.0,0.0,True,False,0
579,homme,10,False,False,0.0,0.0,True,False,0
580,homme,10,False,False,0.0,0.0,True,False,0
581,homme,11,False,False,0.0,0.0,True,False,0
582,homme,11,False,False,0.0,0.0,True,False,0
583,homme,11,False,False,0.0,0.0,True,False,0
584,homme,11,False,False,0.0,0.0,True,False,0
585,homme,11,False,False,0.0,0.0,True,False,0
586,homme,11,False,False,0.0,0.0,True,False,0
587,homme,12,False,False,0.0,0.0,True,False,0
588,homme,12,False,False,0.0,0.0,True,False,0
589,homme,12,False,False,0.0,0.0,True,False,0
590,homme,12,False,False,0.0,0.0,True,False,0
591,homme,12,False,False,0.0,0.0,True,False,0
592,homme,12,False,False,0.0,0.0,True,False,0
593,homme,13,False,False,0.0,0.0,True,False,0
594,homme,13,False,False,0.0,0.0,True,False,0
595,homme,13,False,False,0.0,0.0,True,False,0
596,homme,13,False,False,0.0,0.0,True,False,0
597,homme,13,False,False,0.0,0.0,True,False,0
598,homme,13,False,False,0.0,0.0,True,False,0
599,homme,14,False,False,0.0,0.0,True,False,0
600,homme,14,False,False,0.0,0.0,True,False,0
601,homme,14,False,False,0.0,0.0,True,False,0
602,homme,14,False,False,0.0,0.0,True,False,0
603,homme,14,False,False,0.0,0.0,True,False,0
604,homme,14,False,False,0.0,0.0,True,False,0
605,homme,15,True,True,16985.0,0.0,True,False,0
606,homme,15,False,False,0.0,0.0,True,False,0
607,homme,15,True,True,9126.0,0.0,True,False,0
608,homme,15,False,False,0.0,0.0,True,False,0
609,homme,15,True,True,14374.0,0.0,True,False,0
610,homme,15,False,False,0.0,0.0,True,False,0
611,homme,15,False,False,0.0,0.0,True,False,0
612,homme,16,False,False,0.0,0.0,True,False,0
613,homme,16,False,False,0.0,0.0,True,False,0
614,homme,16,False,False,0.0,0.0,True,False,0
615,homme,16,False,False,0.0,0.0,True,False,0
616,homme,16,True,False,0.0,0.0,True,False,0
617,homme,16,False,False,0.0,0.0,True,False,0
618,homme,17,False,False,0.0,0.0,True,False,0
619,homme,17,True,False,0.0,0.0,True,False,0
620,homme,17,False,False,0.0,0.0,True,False,0
621,homme,17,False,False,0.0,0.0,True,False,0
622,homme,17,False,False,0.0,0.0,True,False,0
623,homme,17,True,False,0.0,0.0,True,False,0
624,homme,18,False,False,0.0,0.0,True,False,0
625,homme,18,False,False,0.0,0.0,True,False,0
626,homme,18,False,False,0.0,0.0,True,False,0
627,homme,18,False,False,0.0,0.0,True,False,0
628,homme,18,False,False,0.0,0.0,False,False,0
629,homme,18,False,False,0.0,0.0,True,False,0
630,homme,19,True,True,1248.0,0.0,True,False,0
631,homme,19,False,False,0.0,0.0,True,False,0
632,homme,19,False,False,0.0,0.0,False,False,0
633,homme,19,True,True,22467.0,0.0,True,False,0
634,homme,19,True,False,0.0,0.0,True,False,0
635,homme,19,False,False,0.0,0.0,False,False,0
636,homme,20,False,False,0.0,0.0,False,False,0
637,homme,20,False,False,0.0,0.0,True,False,0
638,homme,20,True,False,0.0,0.0,True,False,0
639,homme,20,False,False,0.0,0.0,True,False,0
640,homme,20,True,False,0.0,0.0,True,False,0
641,homme,20,False,False,0.0,0.0,True,False,0
642,homme,21,True,True,5066.0,0.0,False,False,0
643,homme,21,False,False,0.0,0.0,True,False,0
644,homme,21,False,False,0.0,0.0,True,False,0
645,homme,21,True,True,6726.0,0.0,False,False,0
646,homme,21,True,True,21445.0,0.0,False,False,0
647,homme,21,False,False,0.0,0.0,True,False,0
648,homme,22,False,False,0.0,0.0,False,False,0
649,homme,22,False,False,0.0,0.0,False,False,0
650,homme,22,False,False,0.0,0.0,False,False,0
651,homme,22,False,False,0.0,0.0,True,False,0
652,homme,22,False,False,0.0,0.0,False,False,0
653,homme,22,True,False,0.0,0.0,False,False,0
654,homme,23,False,False,0.0,0.0,False,False,0
655,homme,23,True,True,21009.0,0.0,False,False,0
656,homme,23,True,True,3116.0,0.0,False,False,0
657,homme,23,True,True,15597.0,0.0,False,False,0
658,homme,23,False,False,0.0,0.0,False,False,0
659,homme,23,True,True,17356.0,0.0,False,False,0
660,homme,24,False,False,0.0,0.0,False,False,0
661,homme,24,True,True,16257.0,0.0,False,False,0
662,homme,24,True,True,21017.0,0.0,False,False,0
663,homme,24,False,False,0.0,0.0,False,False,0
664,homme,24,False,False,0.0,0.0,False,False,0
665,homme,24,True,True,4655.0,0.0,True,False,1
666,homme,25,True,True,26557.0,0.0,False,False,0
667,homme,25,True,True,7304.0,0.0,False,True,0
668,homme,25,True,True,21026.0,0.0,False,False,0
669,homme,25,True,True,17251.0,0.0,True,False,0
670,homme,25,True,True,18959.0,0.0,False,False,0
671,homme,25,False,False,0.0,0.0,False,False,0
672,homme,26,False,False,0.0,0.0,False,False,0
673,homme,26,True,True,19563.0,0.0,False,False,0
674,homme,26,True,True,10555.0,0.0,False,False,0
675,homme,26,True,True,20177.0,0.0,False,False,0
676,homme,26,True,True,17815.0,0.0,False,False,0
677,homme,26,True,True,36074.0,0.0,False,False,0
678,homme,27,True,True,18735.0,0.0,False,False,0
679,homme,27,True,True,17732.0,0.0,False,False,0
680,homme,27,True,True,15593.0,0.0,False,False,0
681,homme,27,True,True,13243.0,0.0,False,False,0
682,homme,27,True,True,23934.0,0.0,False,False,0
683,homme,27,True,True,27301.0,0.0,False,False,1
684,homme,28,True,True,5657.0,0.0,False,False,0
685,homme,28,True,True,28628.0,0.0,False,False,0
686,homme,28,True,True,17737.0,0.0,False,False,0
687,homme,28,True,True,14928.0,0.0,False,False,0
688,homme,28,True,True,682.0,0.0,False,False,0
689,homme,28,True,True,11844.0,0.0,False,False,0
690,homme,29,True,True,22226.0,0.0,False,False,1
691,homme,29,True,True,34172.0,0.0,False,False,1
692,homme,29,True,True,17008.0,0.0,False,False,0
693,homme,29,False,False,0.0,0.0,False,False,0
694,homme,29,True,True,21347.0,0.0,False,False,0
695,homme,29,True,True,29678.0,0.0,False,False,0
696,homme,30,True,True,30669.0,0.0,False,False,0
697,homme,30,True,True,40256.0,0.0,False,False,0
698,homme,30,False,False,0.0,0.0,False,False,0
699,homme,30,True,True,27663.0,0.0,False,False,0
700,homme,30,True,True,18699.0,0.0,False,False,0
701,homme,30,False,False,0.0,0.0,False,False,0
702,homme,31,True,True,6312.0,0.0,False,False,0
703,homme,31,True,True,23240.0,0.0,False,False,0
704,homme,31,True,True,1727.0,0.0,False,False,0
705,homme,31,True,False,0.0,0.0,False,False,1
706,homme,31,True,True,21696.0,0.0,False,False,0
707,homme,31,True,True,31074.0,0.0,False,False,0
708,homme,32,True,True,18549.0,0.0,False,False,3
709,homme,32,False,False,0.0,0.0,False,False,0
710,homme,32,True,True,19988.0,0.0,False,False,1
711,homme,32,True,True,22483.0,0.0,False,False,1
712,homme,32,True,True,226331.0,0.0,False,False,0
713,homme,32,True,True,38423.0,0.0,False,True,0
714,homme,33,True,True,22102.0,0.0,False,False,0
715,homme,33,True,True,18512.0,0.0,False,False,0
716,homme,33,True,True,18594.0,0.0,False,False,0
717,homme,33,True,True,4328.0,0.0,False,False,0
718,homme,33,True,True,18156.0,0.0,False,False,0
719,homme,33,True,True,21933.0,0.0,False,False,0
720,homme,34,True,True,23329.0,0.0,False,False,1
721,homme,34,True,True,24776.0,0.0,False,False,0
722,homme,34,True,True,47253.0,0.0,False,False,0
723,homme,34,True,True,62836.0,0.0,False,False,0
724,homme,34,True,True,41885.0,0.0,False,False,0
725,homme,34,True,True,23909.0,0.0,False,False,0
726,homme,35,True,True,50099.0,0.0,False,False,0
727,homme,35,True,True,21749.0,0.0,False,False,0
728,homme,35,True,True,55699.0,0.0,False,False,0
729,homme,35,False,False,0.0,0.0,False,False,0
730,homme,35,True,True,20088.0,0.0,False,False,0
731,homme,35,True,True,15851.0,0.0,False,False,1
732,homme,36,False,False,0.0,0.0,False,False,0
733,homme,36,False,False,0.0,0.0,False,False,1
734,homme,36,True,True,24947.0,0.0,False,False,1
735,homme,36,True,False,0.0,0.0,False,False,1
736,homme,36,True,True,13785.0,0.0,False,False,0
737,homme,36,True,True,19803.0,0.0,False,False,0
738,homme,37,True,True,17816.0,0.0,False,False,0
739,homme,37,True,True,20483.0,0.0,False,False,1
740,homme,37,False,False,0.0,0.0,False,False,1
741,homme,37,True,True,25963.0,0.0,False,False,0
742,homme,37,True,True,17277.0,0.0,False,False,1
743,homme,37,True,True,21409.0,0.0,False,False,0
744,homme,38,True,True,60061.0,0.0,False,False,1
745,homme,38,True,True,18183.0,0.0,False,False,0
746,homme,38,True,True,27605.0,0.0,False,False,1
747,homme,38,True,True,24220.0,0.0,False,False,1
748,homme,38,True,True,19463.0,0.0,False,False,0
749,homme,38,True,True,42384.0,0.0,False,False,0
750,homme,39,True,True,25066.0,0.0,False,False,1
751,homme,39,True,True,28233.0,0.0,False,False,1
752,homme,39,True,True,26342.0,0.0,False,False,0
753,homme,39,True,True,33306.0,0.0,False,False,1
754,homme,39,True,False,0.0,0.0,False,False,0
755,homme,39,True,True,24653.0,0.0,False,False,1
756,homme,40,True,True,12791.0,0.0,False,False,1
757,homme,40,True,True,10623.0,0.0,False,False,0
758,homme,40,False,False,0.0,0.0,False,False,1
759,homme,40,True,True,48064.0,0.0,False,False,0
760,homme,40,True,True,28670.0,0.0,False,False,0
761,homme,40,True,True,20135.0,0.0,False,False,0
762,homme,41,True,True,15287.0,0.0,False,True,0
763,homme,41,True,True,23678.0,0.0,False,False,1
764,homme,41,True,True,35386.0,0.0,False,False,1
765,homme,41,True,True,21155.0,0.0,False,False,0
766,homme,41,False,False,0.0,0.0,False,False,0
767,homme,41,True,True,21612.0,0.0,False,False,1
768,homme,42,True,True,18183.0,0.0,False,False,1
769,homme,42,False,False,0.0,0.0,False,False,3
770,homme,42,True,True,22148.0,0.0,False,False,1
771,homme,42,True,True,35482.0,0.0,False,False,0
772,homme,42,True,False,0.0,0.0,False,False,3
773,homme,42,True,True,25431.0,0.0,False,False,1
774,homme,42,True,True,31220.0,0.0,False,False,1
775,homme,43,True,True,26925.0,0.0,False,False,1
776,homme,43,True,True,22872.0,0.0,False,False,1
777,homme,43,True,True,77987.0,0.0,False,True,0
778,homme,43,True,True,22486.0,0.0,False,False,1
779,homme,43,True,True,24351.0,0.0,False,False,0
780,homme,43,True,True,28559.0,0.0,False,False,1
781,homme,43,True,True,89722.0,0.0,False,False,0
782,homme,44,True,True,19204.0,0.0,False,False,0
783,homme,44,True,True,24736.0,0.0,False,False,1
784,homme,44,True,True,8423.0,0.0,False,False,1
785,homme,44,True,True,7220.0,0.0,False,False,3
786,homme,44,True,True,22649.0,0.0,False,False,0
787,homme,44,True,True,19047.0,0.0,False,False,1
788,homme,44,True,True,19943.0,0.0,False,False,0
789,homme,45,True,True,36161.0,0.0,False,False,0
790,homme,45,False,False,0.0,0.0,False,False,3
791,homme,45,False,False,0.0,0.0,False,False,0
792,homme,45,True,True,24234.0,0.0,False,False,3
793,homme,45,True,True,14872.0,0.0,False,False,1
794,homme,45,True,True,29283.0,0.0,False,False,0
795,homme,45,True,True,18955.0,0.0,False,False,1
796,homme,46,True,False,0.0,0.0,False,False,1
797,homme,46,True,True,37875.0,0.0,False,False,1
798,homme,46,True,True,44133.0,0.0,False,False,1
799,homme,46,True,True,20728.0,0.0,False,False,0
800,homme,46,False,False,0.0,0.0,False,False,1
801,homme,46,True,True,42699.0,0.0,False,True,1
802,homme,46,True,True,45396.0,0.0,False,False,1
803,homme,47,True,True,19203.0,0.0,False,False,1
804,homme,47,True,True,23219.0,0.0,False,False,1
805,homme,47,True,True,22034.0,0.0,False,False,1
806,homme,47,True,True,19650.0,0.0,False,False,0
807,homme,47,True,True,32120.0,0.0,False,True,1
808,homme,47,True,False,0.0,0.0,False,False,0
809,homme,47,True,False,0.0,0.0,False,False,1
810,homme,48,True,True,52288.0,0.0,False,False,1
811,homme,48,True,True,16261.0,0.0,False,False,1
812,homme,48,True,False,0.0,0.0,False,False,1
813,homme,48,True,True,20523.0,0.0,False,False,0
814,homme,48,False,False,0.0,0.0,False,False,0
815,homme,48,True,True,35096.0,0.0,False,False,1
816,homme,48,False,False,0.0,0.0,False,False,3
817,homme,49,True,True,63860.0,0.0,False,False,1
818,homme,49,True,True,18802.0,0.0,False,False,0
819,homme,49,True,True,43851.0,0.0,False,False,1
820,homme,49,True,True,9486.0,0.0,False,False,0
821,homme,49,False,False,0.0,0.0,False,False,1
822,homme,49,True,False,0.0,0.0,False,False,3
823,homme,49,True,True,21285.0,0.0,False,True,0
824,homme,50,True,True,95045.0,0.0,False,False,3
825,homme,50,True,True,8223.0,0.0,False,False,1
826,homme,50,True,True,21907.0,0.0,False,False,1
827,homme,50,True,True,39563.0,0.0,False,False,1
828,homme,50,True,True,39227.0,0.0,False,False,1
829,homme,50,True,True,33345.0,0.0,False,False,1
830,homme,50,True,True,39068.0,0.0,False,False,3
831,homme,51,True,True,38699.0,0.0,False,False,1
832,homme,51,True,True,24142.0,0.0,False,False,1
833,homme,51,False,False,0.0,0.0,False,False,1
834,homme,51,True,True,25863.0,0.0,False,False,3
835,homme,51,False,False,0.0,0.0,False,False,1
836,homme,51,False,False,0.0,0.0,False,False,1
837,homme,51,False,False,0.0,0.0,False,False,0
838,homme,52,False,False,0.0,0.0,False,False,0
839,homme,52,False,False,0.0,0.0,False,True,1
840,homme,52,True,True,20723.0,0.0,False,False,1
841,homme,52,True,False,0.0,0.0,False,False,1
842,homme,52,True,True,59176.0,0.0,False,False,0
843,homme,52,True,True,19145.0,0.0,False,False,1
844,homme,52,True,True,16501.0,0.0,False,False,1
845,homme,53,False,False,0.0,0.0,False,False,0
846,homme,53,True,True,126494.0,0.0,False,False,1
847,homme,53,True,True,22909.0,0.0,False,False,3
848,homme,53,True,True,40504.0,0.0,False,False,3
849,homme,53,True,True,54610.0,0.0,False,False,0
850,homme,53,True,True,62617.0,0.0,False,False,1
851,homme,54,False,False,0.0,0.0,False,False,3
852,homme,54,True,True,51027.0,0.0,False,False,1
853,homme,54,True,True,55450.0,0.0,False,False,1
854,homme,54,True,True,23868.0,0.0,False,False,1
855,homme,54,False,False,0.0,0.0,False,False,0
856,homme,54,True,True,25265.0,0.0,False,False,3
857,homme,55,True,True,5543.0,0.0,False,False,3
858,homme,55,False,False,0.0,0.0,False,False,1
859,homme,55,False,False,0.0,0.0,False,False,1
860,homme,55,True,True,34616.0,0.0,False,False,0
861,homme,55,True,True,18915.0,0.0,False,False,1
862,homme,55,False,False,0.0,0.0,False,False,0
863,homme,56,True,True,30020.0,0.0,False,False,0
864,homme,56,True,True,52500.0,0.0,False,False,0
865,homme,56,True,True,33634.0,0.0,False,False,1
866,homme,56,True,True,19167.0,0.0,False,False,1
867,homme,56,False,False,0.0,0.0,False,False,1
868,homme,56,False,False,0.0,0.0,False,False,1
869,homme,57,False,False,0.0,0.0,False,False,1
870,homme,57,True,True,23492.0,0.0,False,False,1
871,homme,57,True,True,26562.0,0.0,False,False,1
872,homme,57,True,True,21398.0,0.0,False,False,1
873,homme,57,True,True,19965.0,0.0,False,False,0
874,homme,57,False,False,0.0,0.0,False,False,1
875,homme,58,True,True,52108.0,0.0,False,False,1
876,homme,58,False,False,0.0,0.0,False,False,2
877,homme,58,True,False,0.0,0.0,False,False,1
878,homme,58,True,True,49735.0,0.0,False,False,1
879,homme,58,True,True,5884.0,0.0,False,False,1
880,homme,58,True,False,0.0,0.0,False,False,1
881,homme,59,True,True,102517.0,0.0,False,False,1
882,homme,59,True,True,21594.0,0.0,False,False,1
883,homme,59,False,False,0.0,0.0,False,False,0
884,homme,59,True,True,16688.0,0.0,False,False,1
885,homme,59,True,True,9097.0,0.0,False,True,1
886,homme,59,False,False,0.0,0.0,False,False,0
887,homme,60,False,False,0.0,0.0,False,False,1
888,homme,60,True,True,16787.0,0.0,False,False,1
889,homme,60,True,True,43612.0,0.0,False,False,1
890,homme,60,True,True,39010.0,0.0,False,False,1
891,homme,60,False,False,0.0,0.0,False,False,0
892,homme,60,False,False,0.0,0.0,False,False,1
893,homme,61,False,False,0.0,0.0,False,False,1
894,homme,61,True,True,1941.0,0.0,False,False,1
895,homme,61,True,True,44809.0,0.0,False,False,2
896,homme,61,True,True,23109.0,0.0,False,False,1
897,homme,61,False,False,0.0,0.0,False,False,1
898,homme,61,False,False,0.0,0.0,False,False,1
899,homme,62,True,True,16787.0,0.0,False,False,3
900,homme,62,True,True,69661.0,0.0,False,False,1
901,homme,62,True,True,16908.0,0.0,False,False,3
902,homme,62,False,False,0.0,0.0,False,False,0
903,homme,62,False,False,0.0,0.0,False,True,3
904,homme,62,True,True,43508.0,0.0,False,False,1
905,homme,63,True,True,59715.0,0.0,False,False,0
906,homme,63,False,False,0.0,0.0,False,False,2
907,homme,63,True,True,41024.0,0.0,False,False,1
908,homme,63,False,False,0.0,0.0,False,True,1
909,homme,63,False,False,0.0,0.0,False,False,1
910,homme,63,False,False,0.0,0.0,False,False,1
911,homme,64,False,False,0.0,0.0,False,False,1
912,homme,64,True,True,19869.0,0.0,False,False,0
913,homme,64,True,True,14842.0,0.0,False,False,1
914,homme,64,True,True,23371.0,0.0,False,False,1
915,homme,64,False,False,0.0,0.0,False,False,1
916,homme,64,True,True,10533.0,0.0,False,False,1
917,homme,65,False,False,0.0,1797.0,False,False,1
918,homme,65,False,False,0.0,1797.0,False,False,1
919,homme,65,False,False,0.0,1797.0,False,False,1
920,homme,65,False,False,0.0,1797.0,False,False,1
921,homme,65,False,False,0.0,1797.0,False,False,1
922,homme,65,False,False,0.0,1797.0,False,False,1
923,homme,66,False,False,0.0,1797.0,False,False,3
924,homme,66,False,False,0.0,1797.0,False,False,3
925,homme,66,False,False,0.0,1797.0,False,False,1
926,homme,66,False,False,0.0,1797.0,False,False,1
927,homme,66,False,False,0.0,1797.0,False,False,1
928,homme,66,False,False,0.0,1797.0,False,False,1
929,homme,67,False,False,0.0,1797.0,False,False,3
930,homme,67,False,False,0.0,1797.0,False,False,0
931,homme,67,False,False,0.0,1797.0,False,False,1
932,homme,67,False,False,0.0,1797.0,False,False,1
933,homme,67,False,False,0.0,1797.0,False,False,1
934,homme,67,False,False,0.0,1797.0,False,False,3
935,homme,68,False,False,0.0,1797.0,False,False,1
936,homme,68,False,False,0.0,1797.0,False,False,1
937,homme,68,False,False,0.0,1797.0,False,False,1
938,homme,68,False,False,0.0,1797.0,False,False,1
939,homme,68,False,False,0.0,1797.0,False,False,1
940,homme,68,False,False,0.0,1797.0,False,False,1
941,homme,69,False,False,0.0,1797.0,False,False,1
942,homme,69,False,False,0.0,1797.0,False,False,2
943,homme,69,False,False,0.0,1797.0,False,False,1
944,homme,69,False,False,0.0,1797.0,False,False,1
945,homme,69,False,False,0.0,1797.0,False,False,1
946,homme,70,False,False,0.0,1713.0,False,False,1
947,homme,70,False,False,0.0,1713.0,False,False,1
948,homme,70,False,False,0.0,1713.0,False,False,1
949,homme,70,True,True,20135.0,0.0,False,False,1
950,homme,71,False,False,0.0,1713.0,False,False,3
951,homme,71,False,False,0.0,1713.0,False,False,3
952,homme,71,False,False,0.0,1713.0,False,False,1
953,homme,71,False,False,0.0,1713.0,False,False,1
954,homme,72,False,False,0.0,1713.0,False,False,1
955,homme,72,False,False,0.0,1713.0,False,False,1
956,homme,72,False,False,0.0,1713.0,False,False,0
957,homme,72,False,False,0.0,1713.0,False,False,0
958,homme,73,False,False,0.0,1713.0,False,False,1
959,homme,73,False,False,0.0,1713.0,False,False,1
960,homme,73,False,False,0.0,1713.0,False,False,1
961,homme,74,False,False,0.0,1713.0,False,False,1
962,homme,74,False,False,0.0,1713.0,False,False,1
963,homme,74,False,False,0.0,1713.0,False,False,1
964,homme,75,False,False,0.0,1626.0,False,False,2
965,homme,75,False,False,0.0,1626.0,False,False,1
966,homme,75,False,False,0.0,1626.0,False,False,1
967,homme,76,False,False,0.0,1626.0,False,False,1
968,homme,76,False,False,0.0,1626.0,False,False,0
969,homme,76,False,False,0.0,1626.0,False,False,1
970,homme,77,False,False,0.0,1626.0,False,False,1
971,homme,77,False,False,0.0,1626.0,False,False,1
972,homme,77,False,False,0.0,1626.0,False,False,1
973,homme,78,False,False,0.0,1626.0,False,False,1
974,homme,78,False,False,0.0,1626.0,False,False,1
975,homme,78,False,False,0.0,1626.0,False,False,1
976,homme,79,False,False,0.0,1626.0,False,False,1
977,homme,79,False,False,0.0,1626.0,False,False,2
978,homme,79,False,False,0.0,1626.0,False,False,1
979,homme,80,False,False,0.0,1623.0,False,False,1
980,homme,80,False,False,0.0,1623.0,False,False,1
981,homme,81,False,False,0.0,1623.0,False,False,2
982,homme,81,False,False,0.0,1623.0,False,False,0
983,homme,82,False,False,0.0,1623.0,False,False,2
984,homme,82,False,False,0.0,1623.0,False,False,1
985,homme,83,True,True,75321.0,0.0,False,False,1
986,homme,83,False,False,0.0,1623.0,False,False,1
987,homme,84,False,False,0.0,1623.0,False,False,1
988,homme,84,False,False,0.0,1623.0,False,False,1
989,homme,85,False,False,0.0,1687.0,False,False,2
990,homme,85,False,False,0.0,1687.0,False,False,1
991,homme,86,False,False,0.0,1687.0,False,False,1
992,homme,87,False,False,0.0,1687.0,False,False,1
993,homme,88,False,False,0.0,1687.0,False,False,2
994,homme,89,False,False,0.0,1687.0,False,False,1
995,homme,90,False,False,0.0,1687.0,False,False,2
996,homme,91,False,False,0.0,1687.0,False,False,1
